id,paper_id,title,venue,year,category,layout_style,visual_style,diagram_type,figure_number,pdf_page,review_status,preview,vector_reference,source_url
P001_F2_p03,P001,A Unified Framework for Microscopy Defocus Deblur with Multi-Pyramid Transformer and Contrastive Learning,CVPR,2024,02_Transformer与注意力,L04,V01,机制示意与总体框架,2,3,已完成机制类型与风格缩略图检查；细节请核对原PDF,references/02_Transformer与注意力/P001/figures/P001_F2_p03.png,references/02_Transformer与注意力/P001/figures/P001_F2_p03.svg,https://openaccess.thecvf.com/content/CVPR2024/html/Zhang_A_Unified_Framework_for_Microscopy_Defocus_Deblur_with_Multi-Pyramid_Transformer_CVPR_2024_paper.html
P002_F1_p03,P002,Learning Structure-from-Motion with Graph Attention Networks,CVPR,2024,03_图神经网络与关系推理,L06,V02,网络架构图,1,3,已完成机制类型与风格缩略图检查；细节请核对原PDF,references/02_Transformer与注意力/P002/figures/P002_F1_p03.png,references/02_Transformer与注意力/P002/figures/P002_F1_p03.svg,https://openaccess.thecvf.com/content/CVPR2024/html/Brynte_Learning_Structure-from-Motion_with_Graph_Attention_Networks_CVPR_2024_paper.html
P002_F2_p04,P002,Learning Structure-from-Motion with Graph Attention Networks,CVPR,2024,03_图神经网络与关系推理,L06,V02,机制示意与总体框架,2,4,已完成机制类型与风格缩略图检查；细节请核对原PDF,references/02_Transformer与注意力/P002/figures/P002_F2_p04.png,references/02_Transformer与注意力/P002/figures/P002_F2_p04.svg,https://openaccess.thecvf.com/content/CVPR2024/html/Brynte_Learning_Structure-from-Motion_with_Graph_Attention_Networks_CVPR_2024_paper.html
P002_F3_p04,P002,Learning Structure-from-Motion with Graph Attention Networks,CVPR,2024,03_图神经网络与关系推理,L06,V02,机制示意与总体框架,3,4,已完成机制类型与风格缩略图检查；细节请核对原PDF,references/02_Transformer与注意力/P002/figures/P002_F3_p04.png,references/02_Transformer与注意力/P002/figures/P002_F3_p04.svg,https://openaccess.thecvf.com/content/CVPR2024/html/Brynte_Learning_Structure-from-Motion_with_Graph_Attention_Networks_CVPR_2024_paper.html
P002_F4_p05,P002,Learning Structure-from-Motion with Graph Attention Networks,CVPR,2024,03_图神经网络与关系推理,L06,V02,机制示意与总体框架,4,5,已完成机制类型与风格缩略图检查；细节请核对原PDF,references/02_Transformer与注意力/P002/figures/P002_F4_p05.png,references/02_Transformer与注意力/P002/figures/P002_F4_p05.svg,https://openaccess.thecvf.com/content/CVPR2024/html/Brynte_Learning_Structure-from-Motion_with_Graph_Attention_Networks_CVPR_2024_paper.html
P002_F5_p05,P002,Learning Structure-from-Motion with Graph Attention Networks,CVPR,2024,03_图神经网络与关系推理,L06,V02,机制示意与总体框架,5,5,已完成机制类型与风格缩略图检查；细节请核对原PDF,references/02_Transformer与注意力/P002/figures/P002_F5_p05.png,references/02_Transformer与注意力/P002/figures/P002_F5_p05.svg,https://openaccess.thecvf.com/content/CVPR2024/html/Brynte_Learning_Structure-from-Motion_with_Graph_Attention_Networks_CVPR_2024_paper.html
P004_F5_p08,P004,Looking Similar Sounding Different: Leveraging Counterfactual Cross-Modal Pairs for Audiovisual Representation Learning,CVPR,2024,06_多模态与跨模态融合,L01,V04,方法流程图,5,8,已完成机制类型与风格缩略图检查；细节请核对原PDF,references/05_检索增强与知识系统/P004/figures/P004_F5_p08.png,references/05_检索增强与知识系统/P004/figures/P004_F5_p08.svg,https://openaccess.thecvf.com/content/CVPR2024/html/Singh_Looking_Similar_Sounding_Different_Leveraging_Counterfactual_Cross-Modal_Pairs_for_Audiovisual_CVPR_2024_paper.html
P005_F2_p04,P005,Dual Memory Networks: A Versatile Adaptation Approach for Vision-Language Models,CVPR,2024,06_多模态与跨模态融合,L04,V01,训练机制与学习流程,2,4,已完成机制类型与风格缩略图检查；细节请核对原PDF,references/06_多模态与跨模态融合/P005/figures/P005_F2_p04.png,references/06_多模态与跨模态融合/P005/figures/P005_F2_p04.svg,https://openaccess.thecvf.com/content/CVPR2024/html/Zhang_Dual_Memory_Networks_A_Versatile_Adaptation_Approach_for_Vision-Language_Models_CVPR_2024_paper.html
P006_F2_p03,P006,Towards Learning a Generalist Model for Embodied Navigation,CVPR,2024,07_强化学习与智能体,L09,V04,方法流程图,2,3,已完成机制类型与风格缩略图检查；细节请核对原PDF,references/07_强化学习与智能体/P006/figures/P006_F2_p03.png,references/07_强化学习与智能体/P006/figures/P006_F2_p03.svg,https://openaccess.thecvf.com/content/CVPR2024/html/Zheng_Towards_Learning_a_Generalist_Model_for_Embodied_Navigation_CVPR_2024_paper.html
P007_F2_p03,P007,Towards Scalable 3D Anomaly Detection and Localization: A Benchmark via 3D Anomaly Synthesis and A Self-Supervised Learning Network,CVPR,2024,08_训练策略与自监督,L01,V04,方法流程图,2,3,已完成机制类型与风格缩略图检查；细节请核对原PDF,references/08_训练策略与自监督/P007/figures/P007_F2_p03.png,references/08_训练策略与自监督/P007/figures/P007_F2_p03.svg,https://openaccess.thecvf.com/content/CVPR2024/html/Li_Towards_Scalable_3D_Anomaly_Detection_and_Localization_A_Benchmark_via_CVPR_2024_paper.html
P007_F3_p04,P007,Towards Scalable 3D Anomaly Detection and Localization: A Benchmark via 3D Anomaly Synthesis and A Self-Supervised Learning Network,CVPR,2024,08_训练策略与自监督,L09,V04,训练机制与学习流程,3,4,已完成机制类型与风格缩略图检查；细节请核对原PDF,references/08_训练策略与自监督/P007/figures/P007_F3_p04.png,references/08_训练策略与自监督/P007/figures/P007_F3_p04.svg,https://openaccess.thecvf.com/content/CVPR2024/html/Li_Towards_Scalable_3D_Anomaly_Detection_and_Localization_A_Benchmark_via_CVPR_2024_paper.html
P008_F1_p01,P008,VoCo: A Simple-yet-Effective Volume Contrastive Learning Framework for 3D Medical Image Analysis,CVPR,2024,08_训练策略与自监督,L09,V04,训练机制与学习流程,1,1,已完成机制类型与风格缩略图检查；细节请核对原PDF,references/08_训练策略与自监督/P008/figures/P008_F1_p01.png,references/08_训练策略与自监督/P008/figures/P008_F1_p01.svg,https://openaccess.thecvf.com/content/CVPR2024/html/Wu_VoCo_A_Simple-yet-Effective_Volume_Contrastive_Learning_Framework_for_3D_Medical_CVPR_2024_paper.html
P008_F2_p02,P008,VoCo: A Simple-yet-Effective Volume Contrastive Learning Framework for 3D Medical Image Analysis,CVPR,2024,08_训练策略与自监督,L09,V01,机制示意与总体框架,2,2,已完成机制类型与风格缩略图检查；细节请核对原PDF,references/08_训练策略与自监督/P008/figures/P008_F2_p02.png,references/08_训练策略与自监督/P008/figures/P008_F2_p02.svg,https://openaccess.thecvf.com/content/CVPR2024/html/Wu_VoCo_A_Simple-yet-Effective_Volume_Contrastive_Learning_Framework_for_3D_Medical_CVPR_2024_paper.html
P008_F3_p04,P008,VoCo: A Simple-yet-Effective Volume Contrastive Learning Framework for 3D Medical Image Analysis,CVPR,2024,08_训练策略与自监督,L04,V03,机制示意与总体框架,3,4,已完成机制类型与风格缩略图检查；细节请核对原PDF,references/08_训练策略与自监督/P008/figures/P008_F3_p04.png,references/08_训练策略与自监督/P008/figures/P008_F3_p04.svg,https://openaccess.thecvf.com/content/CVPR2024/html/Wu_VoCo_A_Simple-yet-Effective_Volume_Contrastive_Learning_Framework_for_3D_Medical_CVPR_2024_paper.html
P009_F2_p04,P009,Querying as Prompt: Parameter-Efficient Learning for Multimodal Language Model,CVPR,2024,06_多模态与跨模态融合,L04,V01,注意力与信息交互,2,4,已完成机制类型与风格缩略图检查；细节请核对原PDF,references/06_多模态与跨模态融合/P009/figures/P009_F2_p04.png,references/06_多模态与跨模态融合/P009/figures/P009_F2_p04.svg,https://openaccess.thecvf.com/content/CVPR2024/html/Liang_Querying_as_Prompt_Parameter-Efficient_Learning_for_Multimodal_Language_Model_CVPR_2024_paper.html
P010_F1_p03,P010,Clustering for Protein Representation Learning,CVPR,2024,11_因果与AI科学机制,L05,V05,方法流程图,1,3,已完成机制类型与风格缩略图检查；细节请核对原PDF,references/11_因果与AI科学机制/P010/figures/P010_F1_p03.png,references/11_因果与AI科学机制/P010/figures/P010_F1_p03.svg,https://openaccess.thecvf.com/content/CVPR2024/html/Quan_Clustering_for_Protein_Representation_Learning_CVPR_2024_paper.html
P010_F2_p04,P010,Clustering for Protein Representation Learning,CVPR,2024,11_因果与AI科学机制,L03,V03,网络架构图,2,4,已完成机制类型与风格缩略图检查；细节请核对原PDF,references/11_因果与AI科学机制/P010/figures/P010_F2_p04.png,references/11_因果与AI科学机制/P010/figures/P010_F2_p04.svg,https://openaccess.thecvf.com/content/CVPR2024/html/Quan_Clustering_for_Protein_Representation_Learning_CVPR_2024_paper.html
P011_F1_p03,P011,Convolutional Prompting meets Language Models for Continual Learning,CVPR,2024,01_视觉网络与编码解码,L04,V02,网络架构图,1,3,已完成机制类型与风格缩略图检查；细节请核对原PDF,references/01_视觉网络与编码解码/P011/figures/P011_F1_p03.png,references/01_视觉网络与编码解码/P011/figures/P011_F1_p03.svg,https://openaccess.thecvf.com/content/CVPR2024/html/Roy_Convolutional_Prompting_meets_Language_Models_for_Continual_Learning_CVPR_2024_paper.html
P012_F1_p04,P012,OmniVec2 - A Novel Transformer based Network for Large Scale Multimodal and Multitask Learning,CVPR,2024,02_Transformer与注意力,L02,V03,注意力与信息交互,1,4,已完成机制类型与风格缩略图检查；细节请核对原PDF,references/02_Transformer与注意力/P012/figures/P012_F1_p04.png,references/02_Transformer与注意力/P012/figures/P012_F1_p04.svg,https://openaccess.thecvf.com/content/CVPR2024/html/Srivastava_OmniVec2_-_A_Novel_Transformer_based_Network_for_Large_Scale_CVPR_2024_paper.html
P013_F1_p02,P013,LLM4SGG: Large Language Models for Weakly Supervised Scene Graph Generation,CVPR,2024,03_图神经网络与关系推理,L09,V04,图结构与消息传递,1,2,已完成机制类型与风格缩略图检查；细节请核对原PDF,references/03_图神经网络与关系推理/P013/figures/P013_F1_p02.png,references/03_图神经网络与关系推理/P013/figures/P013_F1_p02.svg,https://openaccess.thecvf.com/content/CVPR2024/html/Kim_LLM4SGG_Large_Language_Models_for_Weakly_Supervised_Scene_Graph_Generation_CVPR_2024_paper.html
P013_F2_p05,P013,LLM4SGG: Large Language Models for Weakly Supervised Scene Graph Generation,CVPR,2024,03_图神经网络与关系推理,L04,V04,训练机制与学习流程,2,5,已完成机制类型与风格缩略图检查；细节请核对原PDF,references/03_图神经网络与关系推理/P013/figures/P013_F2_p05.png,references/03_图神经网络与关系推理/P013/figures/P013_F2_p05.svg,https://openaccess.thecvf.com/content/CVPR2024/html/Kim_LLM4SGG_Large_Language_Models_for_Weakly_Supervised_Scene_Graph_Generation_CVPR_2024_paper.html
P014_F1_p04,P014,SNED: Superposition Network Architecture Search for Efficient Video Diffusion Model,CVPR,2024,04_生成模型与扩散机制,L02,V05,训练机制与学习流程,1,4,已完成机制类型与风格缩略图检查；细节请核对原PDF,references/04_生成模型与扩散机制/P014/figures/P014_F1_p04.png,references/04_生成模型与扩散机制/P014/figures/P014_F1_p04.svg,https://openaccess.thecvf.com/content/CVPR2024/html/Li_SNED_Superposition_Network_Architecture_Search_for_Efficient_Video_Diffusion_Model_CVPR_2024_paper.html
P014_F2_p04,P014,SNED: Superposition Network Architecture Search for Efficient Video Diffusion Model,CVPR,2024,04_生成模型与扩散机制,L06,V03,机制示意与总体框架,2,4,已完成机制类型与风格缩略图检查；细节请核对原PDF,references/04_生成模型与扩散机制/P014/figures/P014_F2_p04.png,references/04_生成模型与扩散机制/P014/figures/P014_F2_p04.svg,https://openaccess.thecvf.com/content/CVPR2024/html/Li_SNED_Superposition_Network_Architecture_Search_for_Efficient_Video_Diffusion_Model_CVPR_2024_paper.html
P015_F2_p02,P015,Leveraging Predicate and Triplet Learning for Scene Graph Generation,CVPR,2024,03_图神经网络与关系推理,L09,V04,方法流程图,2,2,已完成机制类型与风格缩略图检查；细节请核对原PDF,references/03_图神经网络与关系推理/P015/figures/P015_F2_p02.png,references/03_图神经网络与关系推理/P015/figures/P015_F2_p02.svg,https://openaccess.thecvf.com/content/CVPR2024/html/Li_Leveraging_Predicate_and_Triplet_Learning_for_Scene_Graph_Generation_CVPR_2024_paper.html
P015_F3_p03,P015,Leveraging Predicate and Triplet Learning for Scene Graph Generation,CVPR,2024,03_图神经网络与关系推理,L04,V04,网络架构图,3,3,已完成机制类型与风格缩略图检查；细节请核对原PDF,references/03_图神经网络与关系推理/P015/figures/P015_F3_p03.png,references/03_图神经网络与关系推理/P015/figures/P015_F3_p03.svg,https://openaccess.thecvf.com/content/CVPR2024/html/Li_Leveraging_Predicate_and_Triplet_Learning_for_Scene_Graph_Generation_CVPR_2024_paper.html
P017_F2_p03,P017,GameFormer: Game-theoretic Modeling and Learning of Transformer-based Interactive Prediction and Planning for Autonomous Driving,ICCV,2023,02_Transformer与注意力,L02,V04,注意力与信息交互,2,3,已完成机制类型与风格缩略图检查；细节请核对原PDF,references/02_Transformer与注意力/P017/figures/P017_F2_p03.png,references/02_Transformer与注意力/P017/figures/P017_F2_p03.svg,https://openaccess.thecvf.com/content/ICCV2023/html/Huang_GameFormer_Game-theoretic_Modeling_and_Learning_of_Transformer-based_Interactive_Prediction_and_ICCV_2023_paper.html
P017_F3_p04,P017,GameFormer: Game-theoretic Modeling and Learning of Transformer-based Interactive Prediction and Planning for Autonomous Driving,ICCV,2023,02_Transformer与注意力,L07,V01,网络架构图,3,4,已完成机制类型与风格缩略图检查；细节请核对原PDF,references/02_Transformer与注意力/P017/figures/P017_F3_p04.png,references/02_Transformer与注意力/P017/figures/P017_F3_p04.svg,https://openaccess.thecvf.com/content/ICCV2023/html/Huang_GameFormer_Game-theoretic_Modeling_and_Learning_of_Transformer-based_Interactive_Prediction_and_ICCV_2023_paper.html
P019_F4_p05,P019,Text-Conditioned Sampling Framework for Text-to-Image Generation with Masked Generative Models,ICCV,2023,04_生成模型与扩散机制,L04,V04,注意力与信息交互,4,5,已完成机制类型与风格缩略图检查；细节请核对原PDF,references/04_生成模型与扩散机制/P019/figures/P019_F4_p05.png,references/04_生成模型与扩散机制/P019/figures/P019_F4_p05.svg,https://openaccess.thecvf.com/content/ICCV2023/html/Lee_Text-Conditioned_Sampling_Framework_for_Text-to-Image_Generation_with_Masked_Generative_Models_ICCV_2023_paper.html
P020_F1_p03,P020,Learning Spatial-context-aware Global Visual Feature Representation for Instance Image Retrieval,ICCV,2023,05_检索增强与知识系统,L04,V03,注意力与信息交互,1,3,已完成机制类型与风格缩略图检查；细节请核对原PDF,references/05_检索增强与知识系统/P020/figures/P020_F1_p03.png,references/05_检索增强与知识系统/P020/figures/P020_F1_p03.svg,https://openaccess.thecvf.com/content/ICCV2023/html/Zhang_Learning_Spatial-context-aware_Global_Visual_Feature_Representation_for_Instance_Image_Retrieval_ICCV_2023_paper.html
P021_F2_p04,P021,Preventing Zero-Shot Transfer Degradation in Continual Learning of Vision-Language Models,ICCV,2023,06_多模态与跨模态融合,L09,V04,训练机制与学习流程,2,4,已完成机制类型与风格缩略图检查；细节请核对原PDF,references/06_多模态与跨模态融合/P021/figures/P021_F2_p04.png,references/06_多模态与跨模态融合/P021/figures/P021_F2_p04.svg,https://openaccess.thecvf.com/content/ICCV2023/html/Zheng_Preventing_Zero-Shot_Transfer_Degradation_in_Continual_Learning_of_Vision-Language_Models_ICCV_2023_paper.html
P022_F2_p03,P022,Scene Graph Contrastive Learning for Embodied Navigation,ICCV,2023,03_图神经网络与关系推理,L05,V04,图结构与消息传递,2,3,已完成机制类型与风格缩略图检查；细节请核对原PDF,references/03_图神经网络与关系推理/P022/figures/P022_F2_p03.png,references/03_图神经网络与关系推理/P022/figures/P022_F2_p03.svg,https://openaccess.thecvf.com/content/ICCV2023/html/Singh_Scene_Graph_Contrastive_Learning_for_Embodied_Navigation_ICCV_2023_paper.html
P022_F3_p04,P022,Scene Graph Contrastive Learning for Embodied Navigation,ICCV,2023,03_图神经网络与关系推理,L09,V01,图结构与消息传递,3,4,已完成机制类型与风格缩略图检查；细节请核对原PDF,references/03_图神经网络与关系推理/P022/figures/P022_F3_p04.png,references/03_图神经网络与关系推理/P022/figures/P022_F3_p04.svg,https://openaccess.thecvf.com/content/ICCV2023/html/Singh_Scene_Graph_Contrastive_Learning_for_Embodied_Navigation_ICCV_2023_paper.html
P023_F2_p04,P023,Multiple Instance Learning Framework with Masked Hard Instance Mining for Whole Slide Image Classification,ICCV,2023,08_训练策略与自监督,L09,V03,注意力与信息交互,2,4,已完成机制类型与风格缩略图检查；细节请核对原PDF,references/08_训练策略与自监督/P023/figures/P023_F2_p04.png,references/08_训练策略与自监督/P023/figures/P023_F2_p04.svg,https://openaccess.thecvf.com/content/ICCV2023/html/Tang_Multiple_Instance_Learning_Framework_with_Masked_Hard_Instance_Mining_for_ICCV_2023_paper.html
P023_F3_p05,P023,Multiple Instance Learning Framework with Masked Hard Instance Mining for Whole Slide Image Classification,ICCV,2023,08_训练策略与自监督,L06,V01,机制示意与总体框架,3,5,已完成机制类型与风格缩略图检查；细节请核对原PDF,references/08_训练策略与自监督/P023/figures/P023_F3_p05.png,references/08_训练策略与自监督/P023/figures/P023_F3_p05.svg,https://openaccess.thecvf.com/content/ICCV2023/html/Tang_Multiple_Instance_Learning_Framework_with_Masked_Hard_Instance_Mining_for_ICCV_2023_paper.html
P024_F1_p03,P024,CO-Net: Learning Multiple Point Cloud Tasks at Once with A Cohesive Network,ICCV,2023,09_三维视觉与神经渲染,L04,V01,网络架构图,1,3,已完成机制类型与风格缩略图检查；细节请核对原PDF,references/09_三维视觉与神经渲染/P024/figures/P024_F1_p03.png,references/09_三维视觉与神经渲染/P024/figures/P024_F1_p03.svg,https://openaccess.thecvf.com/content/ICCV2023/html/Xie_CO-Net_Learning_Multiple_Point_Cloud_Tasks_at_Once_with_A_ICCV_2023_paper.html
P024_F2_p05,P024,CO-Net: Learning Multiple Point Cloud Tasks at Once with A Cohesive Network,ICCV,2023,09_三维视觉与神经渲染,L09,V02,机制示意与总体框架,2,5,已完成机制类型与风格缩略图检查；细节请核对原PDF,references/09_三维视觉与神经渲染/P024/figures/P024_F2_p05.png,references/09_三维视觉与神经渲染/P024/figures/P024_F2_p05.svg,https://openaccess.thecvf.com/content/ICCV2023/html/Xie_CO-Net_Learning_Multiple_Point_Cloud_Tasks_at_Once_with_A_ICCV_2023_paper.html
P026_F2_p03,P026,A Dynamic Dual-Processing Object Detection Framework Inspired by the Brain's Recognition Mechanism,ICCV,2023,11_因果与AI科学机制,L09,V03,机制示意与总体框架,2,3,已完成机制类型与风格缩略图检查；细节请核对原PDF,references/11_因果与AI科学机制/P026/figures/P026_F2_p03.png,references/11_因果与AI科学机制/P026/figures/P026_F2_p03.svg,https://openaccess.thecvf.com/content/ICCV2023/html/Zhang_A_Dynamic_Dual-Processing_Object_Detection_Framework_Inspired_by_the_Brains_ICCV_2023_paper.html
P026_F3_p04,P026,A Dynamic Dual-Processing Object Detection Framework Inspired by the Brain's Recognition Mechanism,ICCV,2023,11_因果与AI科学机制,L09,V06,网络架构图,3,4,已完成机制类型与风格缩略图检查；细节请核对原PDF,references/11_因果与AI科学机制/P026/figures/P026_F3_p04.png,references/11_因果与AI科学机制/P026/figures/P026_F3_p04.svg,https://openaccess.thecvf.com/content/ICCV2023/html/Zhang_A_Dynamic_Dual-Processing_Object_Detection_Framework_Inspired_by_the_Brains_ICCV_2023_paper.html
P026_F4_p05,P026,A Dynamic Dual-Processing Object Detection Framework Inspired by the Brain's Recognition Mechanism,ICCV,2023,11_因果与AI科学机制,L06,V03,网络架构图,4,5,已完成机制类型与风格缩略图检查；细节请核对原PDF,references/11_因果与AI科学机制/P026/figures/P026_F4_p05.png,references/11_因果与AI科学机制/P026/figures/P026_F4_p05.svg,https://openaccess.thecvf.com/content/ICCV2023/html/Zhang_A_Dynamic_Dual-Processing_Object_Detection_Framework_Inspired_by_the_Brains_ICCV_2023_paper.html
P027_F1_p03,P027,Hierarchical Visual Categories Modeling: A Joint Representation Learning and Density Estimation Framework for Out-of-Distribution Detection,ICCV,2023,01_视觉网络与编码解码,L02,V03,训练机制与学习流程,1,3,已完成机制类型与风格缩略图检查；细节请核对原PDF,references/01_视觉网络与编码解码/P027/figures/P027_F1_p03.png,references/01_视觉网络与编码解码/P027/figures/P027_F1_p03.svg,https://openaccess.thecvf.com/content/ICCV2023/html/Li_Hierarchical_Visual_Categories_Modeling_A_Joint_Representation_Learning_and_Density_ICCV_2023_paper.html
P029_F1_p03,P029,Dual Cross-Attention Learning for Fine-Grained Visual Categorization and Object Re-Identification,CVPR,2022,02_Transformer与注意力,L02,V03,注意力与信息交互,1,3,已完成机制类型与风格缩略图检查；细节请核对原PDF,references/02_Transformer与注意力/P029/figures/P029_F1_p03.png,references/02_Transformer与注意力/P029/figures/P029_F1_p03.svg,https://openaccess.thecvf.com/content/CVPR2022/html/Zhu_Dual_Cross-Attention_Learning_for_Fine-Grained_Visual_Categorization_and_Object_Re-Identification_CVPR_2022_paper.html
P030_F1_p03,P030,OrphicX: A Causality-Inspired Latent Variable Model for Interpreting Graph Neural Networks,CVPR,2022,03_图神经网络与关系推理,L01,V01,图结构与消息传递,1,3,已完成机制类型与风格缩略图检查；细节请核对原PDF,references/03_图神经网络与关系推理/P030/figures/P030_F1_p03.png,references/03_图神经网络与关系推理/P030/figures/P030_F1_p03.svg,https://openaccess.thecvf.com/content/CVPR2022/html/Lin_OrphicX_A_Causality-Inspired_Latent_Variable_Model_for_Interpreting_Graph_Neural_CVPR_2022_paper.html
P030_F2_p03,P030,OrphicX: A Causality-Inspired Latent Variable Model for Interpreting Graph Neural Networks,CVPR,2022,03_图神经网络与关系推理,L05,V01,图结构与消息传递,2,3,已完成机制类型与风格缩略图检查；细节请核对原PDF,references/03_图神经网络与关系推理/P030/figures/P030_F2_p03.png,references/03_图神经网络与关系推理/P030/figures/P030_F2_p03.svg,https://openaccess.thecvf.com/content/CVPR2022/html/Lin_OrphicX_A_Causality-Inspired_Latent_Variable_Model_for_Interpreting_Graph_Neural_CVPR_2022_paper.html
P031_F2_p05,P031,DO-GAN: A Double Oracle Framework for Generative Adversarial Networks,CVPR,2022,04_生成模型与扩散机制,L07,V02,机制示意与总体框架,2,5,已完成机制类型与风格缩略图检查；细节请核对原PDF,references/04_生成模型与扩散机制/P031/figures/P031_F2_p05.png,references/04_生成模型与扩散机制/P031/figures/P031_F2_p05.svg,https://openaccess.thecvf.com/content/CVPR2022/html/Aung_DO-GAN_A_Double_Oracle_Framework_for_Generative_Adversarial_Networks_CVPR_2022_paper.html
P033_F1_p03,P033,Learning To Prompt for Open-Vocabulary Object Detection With Vision-Language Model,CVPR,2022,06_多模态与跨模态融合,L02,V03,机制示意与总体框架,1,3,已完成机制类型与风格缩略图检查；细节请核对原PDF,references/06_多模态与跨模态融合/P033/figures/P033_F1_p03.png,references/06_多模态与跨模态融合/P033/figures/P033_F1_p03.svg,https://openaccess.thecvf.com/content/CVPR2022/html/Du_Learning_To_Prompt_for_Open-Vocabulary_Object_Detection_With_Vision-Language_Model_CVPR_2022_paper.html
P033_F2_p05,P033,Learning To Prompt for Open-Vocabulary Object Detection With Vision-Language Model,CVPR,2022,06_多模态与跨模态融合,L08,V03,训练机制与学习流程,2,5,已完成机制类型与风格缩略图检查；细节请核对原PDF,references/06_多模态与跨模态融合/P033/figures/P033_F2_p05.png,references/06_多模态与跨模态融合/P033/figures/P033_F2_p05.svg,https://openaccess.thecvf.com/content/CVPR2022/html/Du_Learning_To_Prompt_for_Open-Vocabulary_Object_Detection_With_Vision-Language_Model_CVPR_2022_paper.html
P034_F4_p06,P034,Habitat-Web: Learning Embodied Object-Search Strategies From Human Demonstrations at Scale,CVPR,2022,07_强化学习与智能体,L09,V03,网络架构图,4,6,已完成机制类型与风格缩略图检查；细节请核对原PDF,references/07_强化学习与智能体/P034/figures/P034_F4_p06.png,references/07_强化学习与智能体/P034/figures/P034_F4_p06.svg,https://openaccess.thecvf.com/content/CVPR2022/html/Ramrakhya_Habitat-Web_Learning_Embodied_Object-Search_Strategies_From_Human_Demonstrations_at_Scale_CVPR_2022_paper.html
P036_F2_p04,P036,Disentangled3D: Learning a 3D Generative Model With Disentangled Geometry and Appearance From Monocular Images,CVPR,2022,04_生成模型与扩散机制,L04,V04,训练机制与学习流程,2,4,已完成机制类型与风格缩略图检查；细节请核对原PDF,references/04_生成模型与扩散机制/P036/figures/P036_F2_p04.png,references/04_生成模型与扩散机制/P036/figures/P036_F2_p04.svg,https://openaccess.thecvf.com/content/CVPR2022/html/Tewari_Disentangled3D_Learning_a_3D_Generative_Model_With_Disentangled_Geometry_and_CVPR_2022_paper.html
P037_F2_p06,P037,Towards Multi-modal Transformers in Federated Learning,ECCV,2024,02_Transformer与注意力,L04,V01,训练机制与学习流程,2,6,已完成机制类型与风格缩略图检查；细节请核对原PDF,references/02_Transformer与注意力/P037/figures/P037_F2_p06.png,references/02_Transformer与注意力/P037/figures/P037_F2_p06.svg,https://www.ecva.net/papers/eccv_2024/papers_ECCV/html/2339_ECCV_2024_paper.php
P037_F3_p07,P037,Towards Multi-modal Transformers in Federated Learning,ECCV,2024,02_Transformer与注意力,L09,V01,注意力与信息交互,3,7,已完成机制类型与风格缩略图检查；细节请核对原PDF,references/02_Transformer与注意力/P037/figures/P037_F3_p07.png,references/02_Transformer与注意力/P037/figures/P037_F3_p07.svg,https://www.ecva.net/papers/eccv_2024/papers_ECCV/html/2339_ECCV_2024_paper.php
P038_F2_p05,P038,Equi-GSPR: Equivariant SE(3) Graph Network Model for Sparse Point Cloud Registration,ECCV,2024,03_图神经网络与关系推理,L02,V03,图结构与消息传递,2,5,已完成机制类型与风格缩略图检查；细节请核对原PDF,references/03_图神经网络与关系推理/P038/figures/P038_F2_p05.png,references/03_图神经网络与关系推理/P038/figures/P038_F2_p05.svg,https://www.ecva.net/papers/eccv_2024/papers_ECCV/html/521_ECCV_2024_paper.php
P039_F2_p03,P039,VFusion3D: Learning Scalable 3D Generative Models from Video Diffusion Models,ECCV,2024,04_生成模型与扩散机制,L09,V03,方法流程图,2,3,已完成机制类型与风格缩略图检查；细节请核对原PDF,references/04_生成模型与扩散机制/P039/figures/P039_F2_p03.png,references/04_生成模型与扩散机制/P039/figures/P039_F2_p03.svg,https://www.ecva.net/papers/eccv_2024/papers_ECCV/html/255_ECCV_2024_paper.php
P040_F2_p04,P040,PairingNet: A Learning-based Pair-searching and -matching Network for Image Fragments,ECCV,2024,05_检索增强与知识系统,L04,V03,方法流程图,2,4,已完成机制类型与风格缩略图检查；细节请核对原PDF,references/05_检索增强与知识系统/P040/figures/P040_F2_p04.png,references/05_检索增强与知识系统/P040/figures/P040_F2_p04.svg,https://www.ecva.net/papers/eccv_2024/papers_ECCV/html/7655_ECCV_2024_paper.php
P041_F2_p06,P041,UniCode : Learning a Unified Codebook for Multimodal Large Language Models,ECCV,2024,06_多模态与跨模态融合,L09,V01,训练机制与学习流程,2,6,已完成机制类型与风格缩略图检查；细节请核对原PDF,references/06_多模态与跨模态融合/P041/figures/P041_F2_p06.png,references/06_多模态与跨模态融合/P041/figures/P041_F2_p06.svg,https://www.ecva.net/papers/eccv_2024/papers_ECCV/html/1331_ECCV_2024_paper.php
P041_F3_p07,P041,UniCode : Learning a Unified Codebook for Multimodal Large Language Models,ECCV,2024,06_多模态与跨模态融合,L01,V03,机制示意与总体框架,3,7,已完成机制类型与风格缩略图检查；细节请核对原PDF,references/06_多模态与跨模态融合/P041/figures/P041_F3_p07.png,references/06_多模态与跨模态融合/P041/figures/P041_F3_p07.svg,https://www.ecva.net/papers/eccv_2024/papers_ECCV/html/1331_ECCV_2024_paper.php
P042_F3_p05,P042,Enhancing Diffusion Models with Text-Encoder Reinforcement Learning,ECCV,2024,04_生成模型与扩散机制,L07,V01,网络架构图,3,5,已完成机制类型与风格缩略图检查；细节请核对原PDF,references/04_生成模型与扩散机制/P042/figures/P042_F3_p05.png,references/04_生成模型与扩散机制/P042/figures/P042_F3_p05.svg,https://www.ecva.net/papers/eccv_2024/papers_ECCV/html/3625_ECCV_2024_paper.php
P043_F1_p02,P043,Data-to-Model Distillation: Data-Efficient Learning Framework,ECCV,2024,08_训练策略与自监督,L09,V05,训练机制与学习流程,1,2,已完成机制类型与风格缩略图检查；细节请核对原PDF,references/08_训练策略与自监督/P043/figures/P043_F1_p02.png,references/08_训练策略与自监督/P043/figures/P043_F1_p02.svg,https://www.ecva.net/papers/eccv_2024/papers_ECCV/html/6020_ECCV_2024_paper.php
P043_F2_p05,P043,Data-to-Model Distillation: Data-Efficient Learning Framework,ECCV,2024,08_训练策略与自监督,L02,V03,训练机制与学习流程,2,5,已完成机制类型与风格缩略图检查；细节请核对原PDF,references/08_训练策略与自监督/P043/figures/P043_F2_p05.png,references/08_训练策略与自监督/P043/figures/P043_F2_p05.svg,https://www.ecva.net/papers/eccv_2024/papers_ECCV/html/6020_ECCV_2024_paper.php
P044_F2_p05,P044,OccWorld: Learning a 3D Occupancy World Model for Autonomous Driving,ECCV,2024,09_三维视觉与神经渲染,L07,V03,注意力与信息交互,2,5,已完成机制类型与风格缩略图检查；细节请核对原PDF,references/09_三维视觉与神经渲染/P044/figures/P044_F2_p05.png,references/09_三维视觉与神经渲染/P044/figures/P044_F2_p05.svg,https://www.ecva.net/papers/eccv_2024/papers_ECCV/html/2024_ECCV_2024_paper.php
P044_F3_p07,P044,OccWorld: Learning a 3D Occupancy World Model for Autonomous Driving,ECCV,2024,09_三维视觉与神经渲染,L09,V03,注意力与信息交互,3,7,已完成机制类型与风格缩略图检查；细节请核对原PDF,references/09_三维视觉与神经渲染/P044/figures/P044_F3_p07.png,references/09_三维视觉与神经渲染/P044/figures/P044_F3_p07.svg,https://www.ecva.net/papers/eccv_2024/papers_ECCV/html/2024_ECCV_2024_paper.php
P045_F2_p04,P045,Resilience of Entropy Model in Distributed Neural Networks,ECCV,2024,10_计算机系统与数据流程,L09,V01,训练机制与学习流程,2,4,已完成机制类型与风格缩略图检查；细节请核对原PDF,references/10_计算机系统与数据流程/P045/figures/P045_F2_p04.png,references/10_计算机系统与数据流程/P045/figures/P045_F2_p04.svg,https://www.ecva.net/papers/eccv_2024/papers_ECCV/html/3193_ECCV_2024_paper.php
P050_F1_p02,P050,ReMAP: Neural Model Reprogramming with Network Inversion and Retrieval-Augmented Mapping for Adaptive Motion Forecasting,NeurIPS,2024,05_检索增强与知识系统,L02,V02,网络架构图,1,2,已完成机制类型与风格缩略图检查；细节请核对原PDF,references/05_检索增强与知识系统/P050/figures/P050_F1_p02.png,references/05_检索增强与知识系统/P050/figures/P050_F1_p02.svg,https://proceedings.neurips.cc/paper_files/paper/2024/hash/2cdf71a65e95bf1874212f6e604c64db-Abstract-Conference.html
P051_F1_p04,P051,Few-Shot Adversarial Prompt Learning on Vision-Language Models,NeurIPS,2024,06_多模态与跨模态融合,L02,V03,网络架构图,1,4,已完成机制类型与风格缩略图检查；细节请核对原PDF,references/06_多模态与跨模态融合/P051/figures/P051_F1_p04.png,references/06_多模态与跨模态融合/P051/figures/P051_F1_p04.svg,https://proceedings.neurips.cc/paper_files/paper/2024/hash/05aedcaf4bc6e78a5e22b4cf9114c5e8-Abstract-Conference.html
P053_F2_p03,P053,Connecting Joint-Embedding Predictive Architecture with Contrastive Self-supervised Learning,NeurIPS,2024,08_训练策略与自监督,L09,V01,机制示意与总体框架,2,3,已完成机制类型与风格缩略图检查；细节请核对原PDF,references/08_训练策略与自监督/P053/figures/P053_F2_p03.png,references/08_训练策略与自监督/P053/figures/P053_F2_p03.svg,https://proceedings.neurips.cc/paper_files/paper/2024/hash/04a80267ad46fc730011f8760f265054-Abstract-Conference.html
P054_F2_p03,P054,LinNet: Linear Network for Efficient Point Cloud Representation Learning,NeurIPS,2024,09_三维视觉与神经渲染,L09,V01,网络架构图,2,3,已完成机制类型与风格缩略图检查；细节请核对原PDF,references/09_三维视觉与神经渲染/P054/figures/P054_F2_p03.png,references/09_三维视觉与神经渲染/P054/figures/P054_F2_p03.svg,https://proceedings.neurips.cc/paper_files/paper/2024/hash/4bfcebedf7a2967c410b64670f27f904-Abstract-Conference.html
P054_F4_p05,P054,LinNet: Linear Network for Efficient Point Cloud Representation Learning,NeurIPS,2024,09_三维视觉与神经渲染,L11,V02,机制示意与总体框架,4,5,已完成机制类型与风格缩略图检查；细节请核对原PDF,references/09_三维视觉与神经渲染/P054/figures/P054_F4_p05.png,references/09_三维视觉与神经渲染/P054/figures/P054_F4_p05.svg,https://proceedings.neurips.cc/paper_files/paper/2024/hash/4bfcebedf7a2967c410b64670f27f904-Abstract-Conference.html
P055_F1_p05,P055,HyperPrism: An Adaptive Non-linear Aggregation Framework for Distributed Machine Learning over Non-IID Data and Time-varying Communication Links,NeurIPS,2024,10_计算机系统与数据流程,L04,V04,网络架构图,1,5,已完成机制类型与风格缩略图检查；细节请核对原PDF,references/10_计算机系统与数据流程/P055/figures/P055_F1_p05.png,references/10_计算机系统与数据流程/P055/figures/P055_F1_p05.svg,https://proceedings.neurips.cc/paper_files/paper/2024/hash/15e5fccdfeb10bb54f8e74944de1c8bf-Abstract-Conference.html
P056_F1_p04,P056,Goal Reduction with Loop-Removal Accelerates RL and Models Human Brain Activity in Goal-Directed Learning,NeurIPS,2024,11_因果与AI科学机制,L09,V05,网络架构图,1,4,已完成机制类型与风格缩略图检查；细节请核对原PDF,references/11_因果与AI科学机制/P056/figures/P056_F1_p04.png,references/11_因果与AI科学机制/P056/figures/P056_F1_p04.svg,https://proceedings.neurips.cc/paper_files/paper/2024/hash/05b2ea5d57ed04c1dc105658e87b137e-Abstract-Conference.html
P057_F1_p03,P057,You Only Cache Once: Decoder-Decoder Architectures for Language Models,NeurIPS,2024,02_Transformer与注意力,L04,V01,注意力与信息交互,1,3,已完成机制类型与风格缩略图检查；细节请核对原PDF,references/01_视觉网络与编码解码/P057/figures/P057_F1_p03.png,references/01_视觉网络与编码解码/P057/figures/P057_F1_p03.svg,https://proceedings.neurips.cc/paper_files/paper/2024/hash/0df38cd13520747e1e64e5b123a78ef8-Abstract-Conference.html
P058_F2_p04,P058,Limits of Transformer Language Models on Learning to Compose Algorithms,NeurIPS,2024,02_Transformer与注意力,L09,V01,注意力与信息交互,2,4,已完成机制类型与风格缩略图检查；细节请核对原PDF,references/02_Transformer与注意力/P058/figures/P058_F2_p04.png,references/02_Transformer与注意力/P058/figures/P058_F2_p04.svg,https://proceedings.neurips.cc/paper_files/paper/2024/hash/0e797d5139ad94fc2dc2080c09119f29-Abstract-Conference.html
P060_F1_p03,P060,Enhancing Size Generalization in Graph Neural Networks through Disentangled Representation Learning,ICML,2024,03_图神经网络与关系推理,L02,V01,图结构与消息传递,1,3,已完成机制类型与风格缩略图检查；细节请核对原PDF,references/03_图神经网络与关系推理/P060/figures/P060_F1_p03.png,references/03_图神经网络与关系推理/P060/figures/P060_F1_p03.svg,https://proceedings.mlr.press/v235/huang24ac.html
P060_F2_p03,P060,Enhancing Size Generalization in Graph Neural Networks through Disentangled Representation Learning,ICML,2024,03_图神经网络与关系推理,L05,V05,机制示意与总体框架,2,3,已完成机制类型与风格缩略图检查；细节请核对原PDF,references/03_图神经网络与关系推理/P060/figures/P060_F2_p03.png,references/03_图神经网络与关系推理/P060/figures/P060_F2_p03.svg,https://proceedings.mlr.press/v235/huang24ac.html
P063_F3_p04,P063,FuRL: Visual-Language Models as Fuzzy Rewards for Reinforcement Learning,ICML,2024,06_多模态与跨模态融合,L07,V04,方法流程图,3,4,已完成机制类型与风格缩略图检查；细节请核对原PDF,references/06_多模态与跨模态融合/P063/figures/P063_F3_p04.png,references/06_多模态与跨模态融合/P063/figures/P063_F3_p04.svg,https://proceedings.mlr.press/v235/fu24j.html
P063_F5_p06,P063,FuRL: Visual-Language Models as Fuzzy Rewards for Reinforcement Learning,ICML,2024,06_多模态与跨模态融合,L02,V05,机制示意与总体框架,5,6,已完成机制类型与风格缩略图检查；细节请核对原PDF,references/06_多模态与跨模态融合/P063/figures/P063_F5_p06.png,references/06_多模态与跨模态融合/P063/figures/P063_F5_p06.svg,https://proceedings.mlr.press/v235/fu24j.html
P065_F6_p16,P065,Offline Transition Modeling via Contrastive Energy Learning,ICML,2024,07_强化学习与智能体,L10,V02,机制示意与总体框架,6,16,已完成机制类型与风格缩略图检查；细节请核对原PDF,references/08_训练策略与自监督/P065/figures/P065_F6_p16.png,references/08_训练策略与自监督/P065/figures/P065_F6_p16.svg,https://proceedings.mlr.press/v235/chen24w.html
P066_F1_p04,P066,EvGGS: A Collaborative Learning Framework for Event-based Generalizable Gaussian Splatting,ICML,2024,09_三维视觉与神经渲染,L04,V03,训练机制与学习流程,1,4,已完成机制类型与风格缩略图检查；细节请核对原PDF,references/09_三维视觉与神经渲染/P066/figures/P066_F1_p04.png,references/09_三维视觉与神经渲染/P066/figures/P066_F1_p04.svg,https://proceedings.mlr.press/v235/wang24w.html
P066_F6_p12,P066,EvGGS: A Collaborative Learning Framework for Event-based Generalizable Gaussian Splatting,ICML,2024,09_三维视觉与神经渲染,L03,V03,网络架构图,6,12,已完成机制类型与风格缩略图检查；细节请核对原PDF,references/09_三维视觉与神经渲染/P066/figures/P066_F6_p12.png,references/09_三维视觉与神经渲染/P066/figures/P066_F6_p12.svg,https://proceedings.mlr.press/v235/wang24w.html
P066_F7_p13,P066,EvGGS: A Collaborative Learning Framework for Event-based Generalizable Gaussian Splatting,ICML,2024,09_三维视觉与神经渲染,L02,V03,网络架构图,7,13,已完成机制类型与风格缩略图检查；细节请核对原PDF,references/09_三维视觉与神经渲染/P066/figures/P066_F7_p13.png,references/09_三维视觉与神经渲染/P066/figures/P066_F7_p13.svg,https://proceedings.mlr.press/v235/wang24w.html
P068_F2_p06,P068,Doubly Robust Causal Effect Estimation under Networked Interference via Targeted Learning,ICML,2024,11_因果与AI科学机制,L02,V01,网络架构图,2,6,已完成机制类型与风格缩略图检查；细节请核对原PDF,references/11_因果与AI科学机制/P068/figures/P068_F2_p06.png,references/11_因果与AI科学机制/P068/figures/P068_F2_p06.svg,https://proceedings.mlr.press/v235/chen24c.html
P069_F1_p04,P069,Evolving Subnetwork Training for Large Language Models,ICML,2024,08_训练策略与自监督,L09,V01,机制示意与总体框架,1,4,已完成机制类型与风格缩略图检查；细节请核对原PDF,references/01_视觉网络与编码解码/P069/figures/P069_F1_p04.png,references/01_视觉网络与编码解码/P069/figures/P069_F1_p04.svg,https://proceedings.mlr.press/v235/li24k.html
P070_F3_p04,P070,HGAP: Boosting Permutation Invariant and Permutation Equivariant in Multi-Agent Reinforcement Learning via Graph Attention Network,ICML,2024,07_强化学习与智能体,L04,V01,图结构与消息传递,3,4,已完成机制类型与风格缩略图检查；细节请核对原PDF,references/02_Transformer与注意力/P070/figures/P070_F3_p04.png,references/02_Transformer与注意力/P070/figures/P070_F3_p04.svg,https://proceedings.mlr.press/v235/lin24m.html
P071_F1_p01,P071,SAPT : A Shared Attention Framework for Parameter-Efficient Continual Learning of Large Language Models,ACL,2024,02_Transformer与注意力,L02,V04,机制示意与总体框架,1,1,已完成机制类型与风格缩略图检查；细节请核对原PDF,references/02_Transformer与注意力/P071/figures/P071_F1_p01.png,references/02_Transformer与注意力/P071/figures/P071_F1_p01.svg,https://aclanthology.org/2024.acl-long.625/
P071_F2_p03,P071,SAPT : A Shared Attention Framework for Parameter-Efficient Continual Learning of Large Language Models,ACL,2024,02_Transformer与注意力,L04,V01,注意力与信息交互,2,3,已完成机制类型与风格缩略图检查；细节请核对原PDF,references/02_Transformer与注意力/P071/figures/P071_F2_p03.png,references/02_Transformer与注意力/P071/figures/P071_F2_p03.svg,https://aclanthology.org/2024.acl-long.625/
P072_F1_p03,P072,A Unified Temporal Knowledge Graph Reasoning Model Towards Interpolation and Extrapolation,ACL,2024,03_图神经网络与关系推理,L05,V02,机制示意与总体框架,1,3,已完成机制类型与风格缩略图检查；细节请核对原PDF,references/03_图神经网络与关系推理/P072/figures/P072_F1_p03.png,references/03_图神经网络与关系推理/P072/figures/P072_F1_p03.svg,https://aclanthology.org/2024.acl-long.8/
P074_F1_p03,P074,Leveraging Large Language Models for Learning Complex Legal Concepts through Storytelling,ACL,2024,12_通用方法与总体框架,L07,V04,方法流程图,1,3,已完成机制类型与风格缩略图检查；细节请核对原PDF,references/05_检索增强与知识系统/P074/figures/P074_F1_p03.png,references/05_检索增强与知识系统/P074/figures/P074_F1_p03.svg,https://aclanthology.org/2024.acl-long.388/
P075_F2_p02,P075,Tuning Large Multimodal Models for Videos using Reinforcement Learning from AI Feedback,ACL,2024,06_多模态与跨模态融合,L07,V01,机制示意与总体框架,2,2,已完成机制类型与风格缩略图检查；细节请核对原PDF,references/06_多模态与跨模态融合/P075/figures/P075_F2_p02.png,references/06_多模态与跨模态融合/P075/figures/P075_F2_p02.svg,https://aclanthology.org/2024.acl-long.52/
P076_F1_p05,P076,Language Model Adaption for Reinforcement Learning with Natural Language Action Space,ACL,2024,07_强化学习与智能体,L02,V04,网络架构图,1,5,已完成机制类型与风格缩略图检查；细节请核对原PDF,references/07_强化学习与智能体/P076/figures/P076_F1_p05.png,references/07_强化学习与智能体/P076/figures/P076_F1_p05.svg,https://aclanthology.org/2024.acl-long.89/
P077_F1_p01,P077,T ransli C o: A Contrastive Learning Framework to Address the Script Barrier in Multilingual Pretrained Language Models,ACL,2024,08_训练策略与自监督,L06,V01,训练机制与学习流程,1,1,已完成机制类型与风格缩略图检查；细节请核对原PDF,references/08_训练策略与自监督/P077/figures/P077_F1_p01.png,references/08_训练策略与自监督/P077/figures/P077_F1_p01.svg,https://aclanthology.org/2024.acl-long.136/
P077_F2_p04,P077,T ransli C o: A Contrastive Learning Framework to Address the Script Barrier in Multilingual Pretrained Language Models,ACL,2024,08_训练策略与自监督,L02,V01,机制示意与总体框架,2,4,已完成机制类型与风格缩略图检查；细节请核对原PDF,references/08_训练策略与自监督/P077/figures/P077_F2_p04.png,references/08_训练策略与自监督/P077/figures/P077_F2_p04.svg,https://aclanthology.org/2024.acl-long.136/
P078_F1_p01,P078,S tream V oice: Streamable Context-Aware Language Modeling for Real-time Zero-Shot Voice Conversion,ACL,2024,10_计算机系统与数据流程,L10,V04,网络架构图,1,1,已完成机制类型与风格缩略图检查；细节请核对原PDF,references/10_计算机系统与数据流程/P078/figures/P078_F1_p01.png,references/10_计算机系统与数据流程/P078/figures/P078_F1_p01.svg,https://aclanthology.org/2024.acl-long.396/
P078_F2_p04,P078,S tream V oice: Streamable Context-Aware Language Modeling for Real-time Zero-Shot Voice Conversion,ACL,2024,10_计算机系统与数据流程,L01,V04,网络架构图,2,4,已完成机制类型与风格缩略图检查；细节请核对原PDF,references/10_计算机系统与数据流程/P078/figures/P078_F2_p04.png,references/10_计算机系统与数据流程/P078/figures/P078_F2_p04.svg,https://aclanthology.org/2024.acl-long.396/
P078_F3_p04,P078,S tream V oice: Streamable Context-Aware Language Modeling for Real-time Zero-Shot Voice Conversion,ACL,2024,10_计算机系统与数据流程,L04,V01,网络架构图,3,4,已完成机制类型与风格缩略图检查；细节请核对原PDF,references/10_计算机系统与数据流程/P078/figures/P078_F3_p04.png,references/10_计算机系统与数据流程/P078/figures/P078_F3_p04.svg,https://aclanthology.org/2024.acl-long.396/
P078_F4_p04,P078,S tream V oice: Streamable Context-Aware Language Modeling for Real-time Zero-Shot Voice Conversion,ACL,2024,10_计算机系统与数据流程,L09,V01,网络架构图,4,4,已完成机制类型与风格缩略图检查；细节请核对原PDF,references/10_计算机系统与数据流程/P078/figures/P078_F4_p04.png,references/10_计算机系统与数据流程/P078/figures/P078_F4_p04.svg,https://aclanthology.org/2024.acl-long.396/
P079_F1_p03,P079,Causal-Guided Active Learning for Debiasing Large Language Models,ACL,2024,11_因果与AI科学机制,L04,V05,机制示意与总体框架,1,3,已完成机制类型与风格缩略图检查；细节请核对原PDF,references/11_因果与AI科学机制/P079/figures/P079_F1_p03.png,references/11_因果与AI科学机制/P079/figures/P079_F1_p03.svg,https://aclanthology.org/2024.acl-long.778/
P089_F3_p08,P089,A Kernel Test for Causal Association via Noise Contrastive Backdoor Adjustment,JMLR,2024,11_因果与AI科学机制,L09,V02,机制示意与总体框架,3,8,已完成机制类型与风格缩略图检查；细节请核对原PDF,references/08_训练策略与自监督/P089/figures/P089_F3_p08.png,references/08_训练策略与自监督/P089/figures/P089_F3_p08.svg,https://jmlr.org/papers/volume25/21-1409/21-1409.html
P090_F1_p12,P090,Classification of Data Generated by Gaussian Mixture Models Using Deep ReLU Networks,JMLR,2024,12_通用方法与总体框架,L01,V02,网络架构图,1,12,已完成机制类型与风格缩略图检查；细节请核对原PDF,references/09_三维视觉与神经渲染/P090/figures/P090_F1_p12.png,references/09_三维视觉与神经渲染/P090/figures/P090_F1_p12.svg,https://jmlr.org/papers/volume25/23-0957/23-0957.html
P090_F2_p13,P090,Classification of Data Generated by Gaussian Mixture Models Using Deep ReLU Networks,JMLR,2024,12_通用方法与总体框架,L02,V02,机制示意与总体框架,2,13,已完成机制类型与风格缩略图检查；细节请核对原PDF,references/09_三维视觉与神经渲染/P090/figures/P090_F2_p13.png,references/09_三维视觉与神经渲染/P090/figures/P090_F2_p13.svg,https://jmlr.org/papers/volume25/23-0957/23-0957.html
P090_F3_p14,P090,Classification of Data Generated by Gaussian Mixture Models Using Deep ReLU Networks,JMLR,2024,12_通用方法与总体框架,L03,V02,机制示意与总体框架,3,14,已完成机制类型与风格缩略图检查；细节请核对原PDF,references/09_三维视觉与神经渲染/P090/figures/P090_F3_p14.png,references/09_三维视觉与神经渲染/P090/figures/P090_F3_p14.svg,https://jmlr.org/papers/volume25/23-0957/23-0957.html
P091_F1_p03,P091,Attention Is All You Need,NeurIPS,2017,02_Transformer与注意力,L04,V01,网络架构图,1,3,已完成机制类型与风格缩略图检查；细节请核对原PDF,references/02_Transformer与注意力/P091/figures/P091_F1_p03.png,references/02_Transformer与注意力/P091/figures/P091_F1_p03.svg,https://proceedings.neurips.cc/paper/2017/hash/3f5ee243547dee91fbd053c1c4a845aa-Abstract.html
P092_F3_p04,P092,Deep Residual Learning for Image Recognition,CVPR,2016,01_视觉网络与编码解码,L09,V01,网络架构图,3,4,已完成机制类型与风格缩略图检查；细节请核对原PDF,references/12_通用方法与总体框架/P092/figures/P092_F3_p04.png,references/12_通用方法与总体框架/P092/figures/P092_F3_p04.svg,https://openaccess.thecvf.com/content_cvpr_2016/html/He_Deep_Residual_Learning_CVPR_2016_paper.html
P093_F2_p02,P093,Swin Transformer: Hierarchical Vision Transformer using Shifted Windows,ICCV,2021,02_Transformer与注意力,L06,V04,注意力与信息交互,2,2,已完成机制类型与风格缩略图检查；细节请核对原PDF,references/02_Transformer与注意力/P093/figures/P093_F2_p02.png,references/02_Transformer与注意力/P093/figures/P093_F2_p02.svg,https://openaccess.thecvf.com/content/ICCV2021/html/Liu_Swin_Transformer_Hierarchical_Vision_Transformer_Using_Shifted_Windows_ICCV_2021_paper.html
P093_F3_p04,P093,Swin Transformer: Hierarchical Vision Transformer using Shifted Windows,ICCV,2021,02_Transformer与注意力,L09,V02,注意力与信息交互,3,4,已完成机制类型与风格缩略图检查；细节请核对原PDF,references/02_Transformer与注意力/P093/figures/P093_F3_p04.png,references/02_Transformer与注意力/P093/figures/P093_F3_p04.svg,https://openaccess.thecvf.com/content/ICCV2021/html/Liu_Swin_Transformer_Hierarchical_Vision_Transformer_Using_Shifted_Windows_ICCV_2021_paper.html
P093_F4_p05,P093,Swin Transformer: Hierarchical Vision Transformer using Shifted Windows,ICCV,2021,02_Transformer与注意力,L06,V01,注意力与信息交互,4,5,已完成机制类型与风格缩略图检查；细节请核对原PDF,references/02_Transformer与注意力/P093/figures/P093_F4_p05.png,references/02_Transformer与注意力/P093/figures/P093_F4_p05.svg,https://openaccess.thecvf.com/content/ICCV2021/html/Liu_Swin_Transformer_Hierarchical_Vision_Transformer_Using_Shifted_Windows_ICCV_2021_paper.html
P094_F1_p01,P094,Masked Autoencoders Are Scalable Vision Learners,CVPR,2022,08_训练策略与自监督,L01,V04,训练机制与学习流程,1,1,已完成机制类型与风格缩略图检查；细节请核对原PDF,references/08_训练策略与自监督/P094/figures/P094_F1_p01.png,references/08_训练策略与自监督/P094/figures/P094_F1_p01.svg,https://openaccess.thecvf.com/content/CVPR2022/html/He_Masked_Autoencoders_Are_Scalable_Vision_Learners_CVPR_2022_paper.html
P095_F4_p05,P095,Segment Anything,ICCV,2023,01_视觉网络与编码解码,L02,V04,网络架构图,4,5,已完成机制类型与风格缩略图检查；细节请核对原PDF,references/01_视觉网络与编码解码/P095/figures/P095_F4_p05.png,references/01_视觉网络与编码解码/P095/figures/P095_F4_p05.svg,https://openaccess.thecvf.com/content/ICCV2023/html/Kirillov_Segment_Anything_ICCV_2023_paper.html
P096_F3_p04,P096,Adding Conditional Control to Text-to-Image Diffusion Models,ICCV,2023,04_生成模型与扩散机制,L09,V01,网络架构图,3,4,已完成机制类型与风格缩略图检查；细节请核对原PDF,references/04_生成模型与扩散机制/P096/figures/P096_F3_p04.png,references/04_生成模型与扩散机制/P096/figures/P096_F3_p04.svg,https://openaccess.thecvf.com/content/ICCV2023/html/Zhang_Adding_Conditional_Control_to_Text-to-Image_Diffusion_Models_ICCV_2023_paper.html
P097_F3_p04,P097,High-Resolution Image Synthesis with Latent Diffusion Models,CVPR,2022,04_生成模型与扩散机制,L04,V01,注意力与信息交互,3,4,已完成机制类型与风格缩略图检查；细节请核对原PDF,references/04_生成模型与扩散机制/P097/figures/P097_F3_p04.png,references/04_生成模型与扩散机制/P097/figures/P097_F3_p04.svg,https://openaccess.thecvf.com/content/CVPR2022/html/Rombach_High-Resolution_Image_Synthesis_With_Latent_Diffusion_Models_CVPR_2022_paper.html
P098_F1_p03,P098,An Image is Worth 16x16 Words: Transformers for Image Recognition at Scale,ICLR,2021,02_Transformer与注意力,L04,V02,网络架构图,1,3,已完成机制类型与风格缩略图检查；细节请核对原PDF,references/02_Transformer与注意力/P098/figures/P098_F1_p03.png,references/02_Transformer与注意力/P098/figures/P098_F1_p03.svg,https://openreview.net/forum?id=YicbFdNTTy
P099_F1_p04,P099,Graph Attention Networks,ICLR,2018,03_图神经网络与关系推理,L05,V05,注意力与信息交互,1,4,已完成机制类型与风格缩略图检查；细节请核对原PDF,references/02_Transformer与注意力/P099/figures/P099_F1_p04.png,references/02_Transformer与注意力/P099/figures/P099_F1_p04.svg,https://openreview.net/forum?id=rJXMpikCZ
P100_F1_p04,P100,Semi-Supervised Classification with Graph Convolutional Networks,ICLR,2017,03_图神经网络与关系推理,L05,V05,图结构与消息传递,1,4,已完成机制类型与风格缩略图检查；细节请核对原PDF,references/03_图神经网络与关系推理/P100/figures/P100_F1_p04.png,references/03_图神经网络与关系推理/P100/figures/P100_F1_p04.svg,https://openreview.net/forum?id=SJU4ayYgl
P102_F3_p04,P102,Instant Neural Graphics Primitives with a Multiresolution Hash Encoding,ACM TOG / SIGGRAPH,2022,09_三维视觉与神经渲染,L01,V03,机制示意与总体框架,3,4,已完成机制类型与风格缩略图检查；细节请核对原PDF,references/03_图神经网络与关系推理/P102/figures/P102_F3_p04.png,references/03_图神经网络与关系推理/P102/figures/P102_F3_p04.svg,https://nvlabs.github.io/instant-ngp/
P104_F2_p03a,P104,Accurate structure prediction of biomolecular interactions with AlphaFold 3,Nature,2024,11_因果与AI科学机制,L04,V01,训练机制与学习流程,2a,3,已完成机制类型与风格缩略图检查；细节请核对原PDF,references/11_因果与AI科学机制/P104/figures/P104_F2_p03a.png,references/11_因果与AI科学机制/P104/figures/P104_F2_p03a.svg,https://www.nature.com/articles/s41586-024-07487-w
P104_F2_p03b,P104,Accurate structure prediction of biomolecular interactions with AlphaFold 3,Nature,2024,11_因果与AI科学机制,L07,V01,训练机制与学习流程,2b,3,已完成机制类型与风格缩略图检查；细节请核对原PDF,references/11_因果与AI科学机制/P104/figures/P104_F2_p03b.png,references/11_因果与AI科学机制/P104/figures/P104_F2_p03b.svg,https://www.nature.com/articles/s41586-024-07487-w
P105_F3_p04,P105,Highly accurate protein structure prediction with AlphaFold,Nature,2021,11_因果与AI科学机制,L04,V01,图结构与消息传递,3,4,已完成机制类型与风格缩略图检查；细节请核对原PDF,references/11_因果与AI科学机制/P105/figures/P105_F3_p04.png,references/11_因果与AI科学机制/P105/figures/P105_F3_p04.svg,https://www.nature.com/articles/s41586-021-03819-2
P106_F1_p02,P106,Spatially embedded recurrent neural networks reveal widespread links between structural and functional neuroscience findings,Nature Machine Intelligence,2023,11_因果与AI科学机制,L05,V05,训练机制与学习流程,1,2,已完成机制类型与风格缩略图检查；细节请核对原PDF,references/11_因果与AI科学机制/P106/figures/P106_F1_p02.png,references/11_因果与AI科学机制/P106/figures/P106_F1_p02.svg,https://www.nature.com/articles/s42256-023-00748-9
P107_F1_p02,P107,Augmenting large language models with chemistry tools,Nature Machine Intelligence,2024,11_因果与AI科学机制,L07,V04,机制示意与总体框架,1,2,已完成机制类型与风格缩略图检查；细节请核对原PDF,references/12_通用方法与总体框架/P107/figures/P107_F1_p02.png,references/12_通用方法与总体框架/P107/figures/P107_F1_p02.svg,https://www.nature.com/articles/s42256-024-00832-8
P108_F1_p03,P108,Deep learning of causal structures in high dimensions under data limitations,Nature Machine Intelligence,2023,11_因果与AI科学机制,L09,V04,图结构与消息传递,1,3,已完成机制类型与风格缩略图检查；细节请核对原PDF,references/11_因果与AI科学机制/P108/figures/P108_F1_p03.png,references/11_因果与AI科学机制/P108/figures/P108_F1_p03.svg,https://www.nature.com/articles/s42256-023-00744-z
P108_F2_p03,P108,Deep learning of causal structures in high dimensions under data limitations,Nature Machine Intelligence,2023,11_因果与AI科学机制,L07,V05,图结构与消息传递,2,3,已完成机制类型与风格缩略图检查；细节请核对原PDF,references/11_因果与AI科学机制/P108/figures/P108_F2_p03.png,references/11_因果与AI科学机制/P108/figures/P108_F2_p03.svg,https://www.nature.com/articles/s42256-023-00744-z
P109_F1_p02,P109,What large language models know and what people think they know,Nature Machine Intelligence,2025,12_通用方法与总体框架,L09,V04,机制示意与总体框架,1,2,已完成机制类型与风格缩略图检查；细节请核对原PDF,references/12_通用方法与总体框架/P109/figures/P109_F1_p02.png,references/12_通用方法与总体框架/P109/figures/P109_F1_p02.svg,https://www.nature.com/articles/s42256-024-00976-7
P110_F2_p03,P110,nsDB: Architecting the Next Generation Database by Integrating Neural and Symbolic Systems (Vision),PVLDB,2024,10_计算机系统与数据流程,L04,V02,网络架构图,2,3,已完成机制类型与风格缩略图检查；细节请核对原PDF,references/10_计算机系统与数据流程/P110/figures/P110_F2_p03.png,references/10_计算机系统与数据流程/P110/figures/P110_F2_p03.svg,https://www.vldb.org/pvldb/vol17/p3283-tang.pdf
P110_F5_p05,P110,nsDB: Architecting the Next Generation Database by Integrating Neural and Symbolic Systems (Vision),PVLDB,2024,10_计算机系统与数据流程,L04,V01,网络架构图,5,5,已完成机制类型与风格缩略图检查；细节请核对原PDF,references/10_计算机系统与数据流程/P110/figures/P110_F5_p05.png,references/10_计算机系统与数据流程/P110/figures/P110_F5_p05.svg,https://www.vldb.org/pvldb/vol17/p3283-tang.pdf
P111_F4_p04,P111,DecLog: Decentralized Logging in Non-Volatile Memory for Time Series Database Systems,PVLDB,2024,10_计算机系统与数据流程,L01,V04,机制示意与总体框架,4,4,已完成机制类型与风格缩略图检查；细节请核对原PDF,references/10_计算机系统与数据流程/P111/figures/P111_F4_p04.png,references/10_计算机系统与数据流程/P111/figures/P111_F4_p04.svg,https://www.vldb.org/pvldb/vol17/p1-zheng.pdf
P111_F7_p07,P111,DecLog: Decentralized Logging in Non-Volatile Memory for Time Series Database Systems,PVLDB,2024,10_计算机系统与数据流程,L06,V01,方法流程图,7,7,已完成机制类型与风格缩略图检查；细节请核对原PDF,references/10_计算机系统与数据流程/P111/figures/P111_F7_p07.png,references/10_计算机系统与数据流程/P111/figures/P111_F7_p07.svg,https://www.vldb.org/pvldb/vol17/p1-zheng.pdf
P112_F2_p04,P112,FedGTA: Topology-aware Averaging for Federated Graph Learning,PVLDB,2024,03_图神经网络与关系推理,L02,V03,机制示意与总体框架,2,4,已完成机制类型与风格缩略图检查；细节请核对原PDF,references/03_图神经网络与关系推理/P112/figures/P112_F2_p04.png,references/03_图神经网络与关系推理/P112/figures/P112_F2_p04.svg,https://www.vldb.org/pvldb/vol17/p41-li.pdf
P113_F3_p04,P113,GastCoCo: Graph Storage and Coroutine-Based Prefetch Co-Design for Dynamic Graph Processing,PVLDB,2024,10_计算机系统与数据流程,L04,V01,机制示意与总体框架,3,4,已完成机制类型与风格缩略图检查；细节请核对原PDF,references/03_图神经网络与关系推理/P113/figures/P113_F3_p04.png,references/03_图神经网络与关系推理/P113/figures/P113_F3_p04.svg,https://www.vldb.org/pvldb/vol17/p4827-li.pdf
P114_F2_p02,P114,ELEET: Efficient Learned Query Execution over Text and Tables,PVLDB,2024,10_计算机系统与数据流程,L01,V01,机制示意与总体框架,2,2,已完成机制类型与风格缩略图检查；细节请核对原PDF,references/10_计算机系统与数据流程/P114/figures/P114_F2_p02.png,references/10_计算机系统与数据流程/P114/figures/P114_F2_p02.svg,https://www.vldb.org/pvldb/vol17/p4867-urban.pdf
P114_F3_p05,P114,ELEET: Efficient Learned Query Execution over Text and Tables,PVLDB,2024,10_计算机系统与数据流程,L04,V01,注意力与信息交互,3,5,已完成机制类型与风格缩略图检查；细节请核对原PDF,references/10_计算机系统与数据流程/P114/figures/P114_F3_p05.png,references/10_计算机系统与数据流程/P114/figures/P114_F3_p05.svg,https://www.vldb.org/pvldb/vol17/p4867-urban.pdf
P115_F2_p04,P115,TenGraph: A Tensor-Based Graph Query Engine,PVLDB,2024,10_计算机系统与数据流程,L11,V01,图结构与消息传递,2,4,已完成机制类型与风格缩略图检查；细节请核对原PDF,references/03_图神经网络与关系推理/P115/figures/P115_F2_p04.png,references/03_图神经网络与关系推理/P115/figures/P115_F2_p04.svg,https://www.vldb.org/pvldb/vol17/p4571-li.pdf
P115_F3_p04,P115,TenGraph: A Tensor-Based Graph Query Engine,PVLDB,2024,10_计算机系统与数据流程,L09,V02,图结构与消息传递,3,4,已完成机制类型与风格缩略图检查；细节请核对原PDF,references/03_图神经网络与关系推理/P115/figures/P115_F3_p04.png,references/03_图神经网络与关系推理/P115/figures/P115_F3_p04.svg,https://www.vldb.org/pvldb/vol17/p4571-li.pdf
P115_F10_p09,P115,TenGraph: A Tensor-Based Graph Query Engine,PVLDB,2024,10_计算机系统与数据流程,L09,V05,机制示意与总体框架,10,9,已完成机制类型与风格缩略图检查；细节请核对原PDF,references/03_图神经网络与关系推理/P115/figures/P115_F10_p09.png,references/03_图神经网络与关系推理/P115/figures/P115_F10_p09.svg,https://www.vldb.org/pvldb/vol17/p4571-li.pdf
P116_F1_p03,P116,Tianshou: A Highly Modularized Deep Reinforcement Learning Library,JMLR,2022,07_强化学习与智能体,L04,V01,训练机制与学习流程,1,3,已完成机制类型与风格缩略图检查；细节请核对原PDF,references/07_强化学习与智能体/P116/figures/P116_F1_p03.png,references/07_强化学习与智能体/P116/figures/P116_F1_p03.svg,https://jmlr.org/papers/v23/21-1127.html
P116_F2_p03,P116,Tianshou: A Highly Modularized Deep Reinforcement Learning Library,JMLR,2022,07_强化学习与智能体,L07,V01,训练机制与学习流程,2,3,已完成机制类型与风格缩略图检查；细节请核对原PDF,references/07_强化学习与智能体/P116/figures/P116_F2_p03.png,references/07_强化学习与智能体/P116/figures/P116_F2_p03.svg,https://jmlr.org/papers/v23/21-1127.html
P117_F1_p12,P117,Domain-Adversarial Training of Neural Networks,JMLR,2016,12_通用方法与总体框架,L02,V03,网络架构图,1,12,已完成机制类型与风格缩略图检查；细节请核对原PDF,references/12_通用方法与总体框架/P117/figures/P117_F1_p12.png,references/12_通用方法与总体框架/P117/figures/P117_F1_p12.svg,https://jmlr.org/papers/v17/15-239.html
P118_F1_p04,P118,Neural Autoregressive Distribution Estimation,JMLR,2016,12_通用方法与总体框架,L01,V02,机制示意与总体框架,1,4,已完成机制类型与风格缩略图检查；细节请核对原PDF,references/12_通用方法与总体框架/P118/figures/P118_F1_p04.png,references/12_通用方法与总体框架/P118/figures/P118_F1_p04.svg,https://jmlr.org/papers/v17/16-272.html
P118_F2_p11,P118,Neural Autoregressive Distribution Estimation,JMLR,2016,12_通用方法与总体框架,L01,V02,机制示意与总体框架,2,11,已完成机制类型与风格缩略图检查；细节请核对原PDF,references/12_通用方法与总体框架/P118/figures/P118_F2_p11.png,references/12_通用方法与总体框架/P118/figures/P118_F2_p11.svg,https://jmlr.org/papers/v17/16-272.html
P118_F3_p14,P118,Neural Autoregressive Distribution Estimation,JMLR,2016,12_通用方法与总体框架,L01,V02,网络架构图,3,14,已完成机制类型与风格缩略图检查；细节请核对原PDF,references/12_通用方法与总体框架/P118/figures/P118_F3_p14.png,references/12_通用方法与总体框架/P118/figures/P118_F3_p14.svg,https://jmlr.org/papers/v17/16-272.html
P119_F3_p04,P119,Deep Learning for 3D Point Clouds: A Survey,IEEE TPAMI,2021,09_三维视觉与神经渲染,L02,V01,网络架构图,3,4,已完成机制类型与风格缩略图检查；细节请核对原PDF,references/09_三维视觉与神经渲染/P119/figures/P119_F3_p04.png,references/09_三维视觉与神经渲染/P119/figures/P119_F3_p04.svg,https://doi.org/10.1109/TPAMI.2020.3005434
P119_F4_p05,P119,Deep Learning for 3D Point Clouds: A Survey,IEEE TPAMI,2021,09_三维视觉与神经渲染,L09,V03,机制示意与总体框架,4,5,已完成机制类型与风格缩略图检查；细节请核对原PDF,references/09_三维视觉与神经渲染/P119/figures/P119_F4_p05.png,references/09_三维视觉与神经渲染/P119/figures/P119_F4_p05.svg,https://doi.org/10.1109/TPAMI.2020.3005434
P119_F5_p06,P119,Deep Learning for 3D Point Clouds: A Survey,IEEE TPAMI,2021,09_三维视觉与神经渲染,L05,V05,图结构与消息传递,5,6,已完成机制类型与风格缩略图检查；细节请核对原PDF,references/09_三维视觉与神经渲染/P119/figures/P119_F5_p06.png,references/09_三维视觉与神经渲染/P119/figures/P119_F5_p06.svg,https://doi.org/10.1109/TPAMI.2020.3005434
P119_F11_p16,P119,Deep Learning for 3D Point Clouds: A Survey,IEEE TPAMI,2021,09_三维视觉与神经渲染,L09,V03,机制示意与总体框架,11,16,已完成机制类型与风格缩略图检查；细节请核对原PDF,references/09_三维视觉与神经渲染/P119/figures/P119_F11_p16.png,references/09_三维视觉与神经渲染/P119/figures/P119_F11_p16.svg,https://doi.org/10.1109/TPAMI.2020.3005434
P119_F12_p17,P119,Deep Learning for 3D Point Clouds: A Survey,IEEE TPAMI,2021,09_三维视觉与神经渲染,L09,V03,机制示意与总体框架,12,17,已完成机制类型与风格缩略图检查；细节请核对原PDF,references/09_三维视觉与神经渲染/P119/figures/P119_F12_p17.png,references/09_三维视觉与神经渲染/P119/figures/P119_F12_p17.svg,https://doi.org/10.1109/TPAMI.2020.3005434
P120_F8_p06,P120,Deep Learning for Generic Object Detection: A Survey,IJCV,2020,01_视觉网络与编码解码,L09,V03,训练机制与学习流程,8,6,已完成机制类型与风格缩略图检查；细节请核对原PDF,references/01_视觉网络与编码解码/P120/figures/P120_F8_p06.png,references/01_视觉网络与编码解码/P120/figures/P120_F8_p06.svg,https://doi.org/10.1007/s11263-019-01247-4
P120_F12_p11,P120,Deep Learning for Generic Object Detection: A Survey,IJCV,2020,01_视觉网络与编码解码,L08,V04,机制示意与总体框架,12,11,已完成机制类型与风格缩略图检查；细节请核对原PDF,references/01_视觉网络与编码解码/P120/figures/P120_F12_p11.png,references/01_视觉网络与编码解码/P120/figures/P120_F12_p11.svg,https://doi.org/10.1007/s11263-019-01247-4
P120_F13_p12,P120,Deep Learning for Generic Object Detection: A Survey,IJCV,2020,01_视觉网络与编码解码,L09,V03,机制示意与总体框架,13,12,已完成机制类型与风格缩略图检查；细节请核对原PDF,references/01_视觉网络与编码解码/P120/figures/P120_F13_p12.png,references/01_视觉网络与编码解码/P120/figures/P120_F13_p12.svg,https://doi.org/10.1007/s11263-019-01247-4
P120_F14_p13,P120,Deep Learning for Generic Object Detection: A Survey,IJCV,2020,01_视觉网络与编码解码,L02,V04,机制示意与总体框架,14,13,已完成机制类型与风格缩略图检查；细节请核对原PDF,references/01_视觉网络与编码解码/P120/figures/P120_F14_p13.png,references/01_视觉网络与编码解码/P120/figures/P120_F14_p13.svg,https://doi.org/10.1007/s11263-019-01247-4
P120_F17_p18,P120,Deep Learning for Generic Object Detection: A Survey,IJCV,2020,01_视觉网络与编码解码,L09,V01,网络架构图,17,18,已完成机制类型与风格缩略图检查；细节请核对原PDF,references/01_视觉网络与编码解码/P120/figures/P120_F17_p18.png,references/01_视觉网络与编码解码/P120/figures/P120_F17_p18.svg,https://doi.org/10.1007/s11263-019-01247-4
P121_F2_p03,P121,Spectral State Space Model for Rotation-Invariant Visual Representation Learning,CVPR,2025,02_Transformer与注意力,L06,V04,图结构与消息传递,2,3,已完成机制类型与风格缩略图检查；细节请核对原PDF,references/02_Transformer与注意力/P121/figures/P121_F2_p03.png,references/02_Transformer与注意力/P121/figures/P121_F2_p03.svg,https://openaccess.thecvf.com/content/CVPR2025/html/Dastani_Spectral_State_Space_Model_for_Rotation-Invariant_Visual_Representation_Learning_CVPR_2025_paper.html
P121_F3_p05,P121,Spectral State Space Model for Rotation-Invariant Visual Representation Learning,CVPR,2025,02_Transformer与注意力,L09,V04,网络架构图,3,5,已完成机制类型与风格缩略图检查；细节请核对原PDF,references/02_Transformer与注意力/P121/figures/P121_F3_p05.png,references/02_Transformer与注意力/P121/figures/P121_F3_p05.svg,https://openaccess.thecvf.com/content/CVPR2025/html/Dastani_Spectral_State_Space_Model_for_Rotation-Invariant_Visual_Representation_Learning_CVPR_2025_paper.html
P122_F2_p03,P122,VasTSD: Learning 3D Vascular Tree-state Space Diffusion Model for Angiography Synthesis,CVPR,2025,02_Transformer与注意力,L04,V03,机制示意与总体框架,2,3,已完成机制类型与风格缩略图检查；细节请核对原PDF,references/02_Transformer与注意力/P122/figures/P122_F2_p03.png,references/02_Transformer与注意力/P122/figures/P122_F2_p03.svg,https://openaccess.thecvf.com/content/CVPR2025/html/Wang_VasTSD_Learning_3D_Vascular_Tree-state_Space_Diffusion_Model_for_Angiography_CVPR_2025_paper.html
P122_F3_p05,P122,VasTSD: Learning 3D Vascular Tree-state Space Diffusion Model for Angiography Synthesis,CVPR,2025,02_Transformer与注意力,L04,V03,网络架构图,3,5,已完成机制类型与风格缩略图检查；细节请核对原PDF,references/02_Transformer与注意力/P122/figures/P122_F3_p05.png,references/02_Transformer与注意力/P122/figures/P122_F3_p05.svg,https://openaccess.thecvf.com/content/CVPR2025/html/Wang_VasTSD_Learning_3D_Vascular_Tree-state_Space_Diffusion_Model_for_Angiography_CVPR_2025_paper.html
P123_F1_p01,P123,DKDM: Data-Free Knowledge Distillation for Diffusion Models with Any Architecture,CVPR,2025,04_生成模型与扩散机制,L09,V04,机制示意与总体框架,1,1,已完成机制类型与风格缩略图检查；细节请核对原PDF,references/04_生成模型与扩散机制/P123/figures/P123_F1_p01.png,references/04_生成模型与扩散机制/P123/figures/P123_F1_p01.svg,https://openaccess.thecvf.com/content/CVPR2025/html/Xiang_DKDM_Data-Free_Knowledge_Distillation_for_Diffusion_Models_with_Any_Architecture_CVPR_2025_paper.html
P123_F2_p03,P123,DKDM: Data-Free Knowledge Distillation for Diffusion Models with Any Architecture,CVPR,2025,04_生成模型与扩散机制,L09,V01,训练机制与学习流程,2,3,已完成机制类型与风格缩略图检查；细节请核对原PDF,references/04_生成模型与扩散机制/P123/figures/P123_F2_p03.png,references/04_生成模型与扩散机制/P123/figures/P123_F2_p03.svg,https://openaccess.thecvf.com/content/CVPR2025/html/Xiang_DKDM_Data-Free_Knowledge_Distillation_for_Diffusion_Models_with_Any_Architecture_CVPR_2025_paper.html
P124_F1_p01,P124,Learning Compatible Multi-Prize Subnetworks for Asymmetric Retrieval,CVPR,2025,05_检索增强与知识系统,L11,V04,方法流程图,1,1,已完成机制类型与风格缩略图检查；细节请核对原PDF,references/05_检索增强与知识系统/P124/figures/P124_F1_p01.png,references/05_检索增强与知识系统/P124/figures/P124_F1_p01.svg,https://openaccess.thecvf.com/content/CVPR2025/html/Sun_Learning_Compatible_Multi-Prize_Subnetworks_for_Asymmetric_Retrieval_CVPR_2025_paper.html
P124_F3_p04,P124,Learning Compatible Multi-Prize Subnetworks for Asymmetric Retrieval,CVPR,2025,05_检索增强与知识系统,L07,V05,方法流程图,3,4,已完成机制类型与风格缩略图检查；细节请核对原PDF,references/05_检索增强与知识系统/P124/figures/P124_F3_p04.png,references/05_检索增强与知识系统/P124/figures/P124_F3_p04.svg,https://openaccess.thecvf.com/content/CVPR2025/html/Sun_Learning_Compatible_Multi-Prize_Subnetworks_for_Asymmetric_Retrieval_CVPR_2025_paper.html
P127_F1_p01,P127,Stealthy Backdoor Attack in Self-Supervised Learning Vision Encoders for Large Vision Language Models,CVPR,2025,06_多模态与跨模态融合,L01,V04,网络架构图,1,1,已完成机制类型与风格缩略图检查；细节请核对原PDF,references/06_多模态与跨模态融合/P127/figures/P127_F1_p01.png,references/06_多模态与跨模态融合/P127/figures/P127_F1_p01.svg,https://openaccess.thecvf.com/content/CVPR2025/html/Liu_Stealthy_Backdoor_Attack_in_Self-Supervised_Learning_Vision_Encoders_for_Large_CVPR_2025_paper.html
P127_F3_p04,P127,Stealthy Backdoor Attack in Self-Supervised Learning Vision Encoders for Large Vision Language Models,CVPR,2025,06_多模态与跨模态融合,L09,V04,机制示意与总体框架,3,4,已完成机制类型与风格缩略图检查；细节请核对原PDF,references/06_多模态与跨模态融合/P127/figures/P127_F3_p04.png,references/06_多模态与跨模态融合/P127/figures/P127_F3_p04.svg,https://openaccess.thecvf.com/content/CVPR2025/html/Liu_Stealthy_Backdoor_Attack_in_Self-Supervised_Learning_Vision_Encoders_for_Large_CVPR_2025_paper.html
P128_F4_p05,P128,Masked Scene Modeling: Narrowing the Gap Between Supervised and Self-Supervised Learning in 3D Scene Understanding,CVPR,2025,08_训练策略与自监督,L01,V03,网络架构图,4,5,已完成机制类型与风格缩略图检查；细节请核对原PDF,references/08_训练策略与自监督/P128/figures/P128_F4_p05.png,references/08_训练策略与自监督/P128/figures/P128_F4_p05.svg,https://openaccess.thecvf.com/content/CVPR2025/html/Hermosilla_Masked_Scene_Modeling_Narrowing_the_Gap_Between_Supervised_and_Self-Supervised_CVPR_2025_paper.html
P128_F5_p05,P128,Masked Scene Modeling: Narrowing the Gap Between Supervised and Self-Supervised Learning in 3D Scene Understanding,CVPR,2025,08_训练策略与自监督,L09,V03,网络架构图,5,5,已完成机制类型与风格缩略图检查；细节请核对原PDF,references/08_训练策略与自监督/P128/figures/P128_F5_p05.png,references/08_训练策略与自监督/P128/figures/P128_F5_p05.svg,https://openaccess.thecvf.com/content/CVPR2025/html/Hermosilla_Masked_Scene_Modeling_Narrowing_the_Gap_Between_Supervised_and_Self-Supervised_CVPR_2025_paper.html
P129_F2_p03,P129,LiveCC: Learning Video LLM with Streaming Speech Transcription at Scale,CVPR,2025,10_计算机系统与数据流程,L08,V01,训练机制与学习流程,2,3,已完成机制类型与风格缩略图检查；细节请核对原PDF,references/10_计算机系统与数据流程/P129/figures/P129_F2_p03.png,references/10_计算机系统与数据流程/P129/figures/P129_F2_p03.svg,https://openaccess.thecvf.com/content/CVPR2025/html/Chen_LiveCC_Learning_Video_LLM_with_Streaming_Speech_Transcription_at_Scale_CVPR_2025_paper.html
P130_F3_p05,P130,Brain-Inspired Spiking Neural Networks for Energy-Efficient Object Detection,CVPR,2025,11_因果与AI科学机制,L04,V01,网络架构图,3,5,已完成机制类型与风格缩略图检查；细节请核对原PDF,references/11_因果与AI科学机制/P130/figures/P130_F3_p05.png,references/11_因果与AI科学机制/P130/figures/P130_F3_p05.svg,https://openaccess.thecvf.com/content/CVPR2025/html/Li_Brain-Inspired_Spiking_Neural_Networks_for_Energy-Efficient_Object_Detection_CVPR_2025_paper.html
P130_F4_p06,P130,Brain-Inspired Spiking Neural Networks for Energy-Efficient Object Detection,CVPR,2025,11_因果与AI科学机制,L03,V01,网络架构图,4,6,已完成机制类型与风格缩略图检查；细节请核对原PDF,references/11_因果与AI科学机制/P130/figures/P130_F4_p06.png,references/11_因果与AI科学机制/P130/figures/P130_F4_p06.svg,https://openaccess.thecvf.com/content/CVPR2025/html/Li_Brain-Inspired_Spiking_Neural_Networks_for_Energy-Efficient_Object_Detection_CVPR_2025_paper.html
P132_F1_p04,P132,Enhancing Online Continual Learning with Plug-and-Play State Space Model and Class-Conditional Mixture of Discretization,CVPR,2025,02_Transformer与注意力,L04,V01,机制示意与总体框架,1,4,已完成机制类型与风格缩略图检查；细节请核对原PDF,references/02_Transformer与注意力/P132/figures/P132_F1_p04.png,references/02_Transformer与注意力/P132/figures/P132_F1_p04.svg,https://openaccess.thecvf.com/content/CVPR2025/html/Liu_Enhancing_Online_Continual_Learning_with_Plug-and-Play_State_Space_Model_and_CVPR_2025_paper.html
P133_F3_p03,P133,Mamba-3VL: Taming State Space Model for 3D Vision Language Learning,ICCV,2025,02_Transformer与注意力,L04,V03,方法流程图,3,3,已完成机制类型与风格缩略图检查；细节请核对原PDF,references/02_Transformer与注意力/P133/figures/P133_F3_p03.png,references/02_Transformer与注意力/P133/figures/P133_F3_p03.svg,https://openaccess.thecvf.com/content/ICCV2025/html/Wang_Mamba-3VL_Taming_State_Space_Model_for_3D_Vision_Language_Learning_ICCV_2025_paper.html
P134_F2_p04,P134,3DGraphLLM: Combining Semantic Graphs and Large Language Models for 3D Scene Understanding,ICCV,2025,03_图神经网络与关系推理,L04,V01,图结构与消息传递,2,4,已完成机制类型与风格缩略图检查；细节请核对原PDF,references/03_图神经网络与关系推理/P134/figures/P134_F2_p04.png,references/03_图神经网络与关系推理/P134/figures/P134_F2_p04.svg,https://openaccess.thecvf.com/content/ICCV2025/html/Zemskova_3DGraphLLM_Combining_Semantic_Graphs_and_Large_Language_Models_for_3D_ICCV_2025_paper.html
P135_F2_p03,P135,Golden Noise for Diffusion Models: A Learning Framework,ICCV,2025,04_生成模型与扩散机制,L09,V04,方法流程图,2,3,已完成机制类型与风格缩略图检查；细节请核对原PDF,references/04_生成模型与扩散机制/P135/figures/P135_F2_p03.png,references/04_生成模型与扩散机制/P135/figures/P135_F2_p03.svg,https://openaccess.thecvf.com/content/ICCV2025/html/Zhou_Golden_Noise_for_Diffusion_Models_A_Learning_Framework_ICCV_2025_paper.html
P136_F2_p03,P136,LoRAverse: A Submodular Framework to Retrieve Diverse Adapters for Diffusion Models,ICCV,2025,04_生成模型与扩散机制,L02,V04,网络架构图,2,3,已完成机制类型与风格缩略图检查；细节请核对原PDF,references/04_生成模型与扩散机制/P136/figures/P136_F2_p03.png,references/04_生成模型与扩散机制/P136/figures/P136_F2_p03.svg,https://openaccess.thecvf.com/content/ICCV2025/html/Sonmezer_LoRAverse_A_Submodular_Framework_to_Retrieve_Diverse_Adapters_for_Diffusion_ICCV_2025_paper.html
P137_F1_p01,P137,Multi-Modal Multi-Task Unified Embedding Model (M3T-UEM): A Task-Adaptive Representation Learning Framework,ICCV,2025,06_多模态与跨模态融合,L04,V04,机制示意与总体框架,1,1,已完成机制类型与风格缩略图检查；细节请核对原PDF,references/06_多模态与跨模态融合/P137/figures/P137_F1_p01.png,references/06_多模态与跨模态融合/P137/figures/P137_F1_p01.svg,https://openaccess.thecvf.com/content/ICCV2025/html/Sharma_Multi-Modal_Multi-Task_Unified_Embedding_Model_M3T-UEM_A_Task-Adaptive_Representation_Learning_ICCV_2025_paper.html
P137_F2_p03,P137,Multi-Modal Multi-Task Unified Embedding Model (M3T-UEM): A Task-Adaptive Representation Learning Framework,ICCV,2025,06_多模态与跨模态融合,L06,V01,网络架构图,2,3,已完成机制类型与风格缩略图检查；细节请核对原PDF,references/06_多模态与跨模态融合/P137/figures/P137_F2_p03.png,references/06_多模态与跨模态融合/P137/figures/P137_F2_p03.svg,https://openaccess.thecvf.com/content/ICCV2025/html/Sharma_Multi-Modal_Multi-Task_Unified_Embedding_Model_M3T-UEM_A_Task-Adaptive_Representation_Learning_ICCV_2025_paper.html
P138_F2_p04,P138,Learning 4D Embodied World Models,ICCV,2025,07_强化学习与智能体,L02,V04,训练机制与学习流程,2,4,已完成机制类型与风格缩略图检查；细节请核对原PDF,references/07_强化学习与智能体/P138/figures/P138_F2_p04.png,references/07_强化学习与智能体/P138/figures/P138_F2_p04.svg,https://openaccess.thecvf.com/content/ICCV2025/html/Zhen_Learning_4D_Embodied_World_Models_ICCV_2025_paper.html
P139_F2_p04,P139,LLaVA-KD: A Framework of Distilling Multimodal Large Language Models,ICCV,2025,06_多模态与跨模态融合,L09,V01,训练机制与学习流程,2,4,已完成机制类型与风格缩略图检查；细节请核对原PDF,references/06_多模态与跨模态融合/P139/figures/P139_F2_p04.png,references/06_多模态与跨模态融合/P139/figures/P139_F2_p04.svg,https://openaccess.thecvf.com/content/ICCV2025/html/Cai_LLaVA-KD_A_Framework_of_Distilling_Multimodal_Large_Language_Models_ICCV_2025_paper.html
P140_F3_p05,P140,Bridging Diffusion Models and 3D Representations: A 3D Consistent Super-Resolution Framework,ICCV,2025,04_生成模型与扩散机制,L04,V04,机制示意与总体框架,3,5,已完成机制类型与风格缩略图检查；细节请核对原PDF,references/04_生成模型与扩散机制/P140/figures/P140_F3_p05.png,references/04_生成模型与扩散机制/P140/figures/P140_F3_p05.svg,https://openaccess.thecvf.com/content/ICCV2025/html/Chen_Bridging_Diffusion_Models_and_3D_Representations_A_3D_Consistent_Super-Resolution_ICCV_2025_paper.html
P141_F2_p03,P141,MotionStreamer: Streaming Motion Generation via Diffusion-based Autoregressive Model in Causal Latent Space,ICCV,2025,04_生成模型与扩散机制,L09,V04,机制示意与总体框架,2,3,已完成机制类型与风格缩略图检查；细节请核对原PDF,references/04_生成模型与扩散机制/P141/figures/P141_F2_p03.png,references/04_生成模型与扩散机制/P141/figures/P141_F2_p03.svg,https://openaccess.thecvf.com/content/ICCV2025/html/Xiao_MotionStreamer_Streaming_Motion_Generation_via_Diffusion-based_Autoregressive_Model_in_Causal_ICCV_2025_paper.html
P141_F3_p04,P141,MotionStreamer: Streaming Motion Generation via Diffusion-based Autoregressive Model in Causal Latent Space,ICCV,2025,04_生成模型与扩散机制,L03,V04,网络架构图,3,4,已完成机制类型与风格缩略图检查；细节请核对原PDF,references/04_生成模型与扩散机制/P141/figures/P141_F3_p04.png,references/04_生成模型与扩散机制/P141/figures/P141_F3_p04.svg,https://openaccess.thecvf.com/content/ICCV2025/html/Xiao_MotionStreamer_Streaming_Motion_Generation_via_Diffusion-based_Autoregressive_Model_in_Causal_ICCV_2025_paper.html
P142_F2_p03,P142,CARL: Causality-guided Architecture Representation Learning for an Interpretable Performance Predictor,ICCV,2025,11_因果与AI科学机制,L05,V02,网络架构图,2,3,已完成机制类型与风格缩略图检查；细节请核对原PDF,references/11_因果与AI科学机制/P142/figures/P142_F2_p03.png,references/11_因果与AI科学机制/P142/figures/P142_F2_p03.svg,https://openaccess.thecvf.com/content/ICCV2025/html/Ji_CARL_Causality-guided_Architecture_Representation_Learning_for_an_Interpretable_Performance_Predictor_ICCV_2025_paper.html
P142_F3_p04,P142,CARL: Causality-guided Architecture Representation Learning for an Interpretable Performance Predictor,ICCV,2025,11_因果与AI科学机制,L02,V01,方法流程图,3,4,已完成机制类型与风格缩略图检查；细节请核对原PDF,references/11_因果与AI科学机制/P142/figures/P142_F3_p04.png,references/11_因果与AI科学机制/P142/figures/P142_F3_p04.svg,https://openaccess.thecvf.com/content/ICCV2025/html/Ji_CARL_Causality-guided_Architecture_Representation_Learning_for_an_Interpretable_Performance_Predictor_ICCV_2025_paper.html
P142_F5_p08,P142,CARL: Causality-guided Architecture Representation Learning for an Interpretable Performance Predictor,ICCV,2025,11_因果与AI科学机制,L09,V05,网络架构图,5,8,已完成机制类型与风格缩略图检查；细节请核对原PDF,references/11_因果与AI科学机制/P142/figures/P142_F5_p08.png,references/11_因果与AI科学机制/P142/figures/P142_F5_p08.svg,https://openaccess.thecvf.com/content/ICCV2025/html/Ji_CARL_Causality-guided_Architecture_Representation_Learning_for_an_Interpretable_Performance_Predictor_ICCV_2025_paper.html
P143_F2_p03,P143,From Easy to Hard: Progressive Active Learning Framework for Infrared Small Target Detection with Single Point Supervision,ICCV,2025,01_视觉网络与编码解码,L09,V05,训练机制与学习流程,2,3,已完成机制类型与风格缩略图检查；细节请核对原PDF,references/01_视觉网络与编码解码/P143/figures/P143_F2_p03.png,references/01_视觉网络与编码解码/P143/figures/P143_F2_p03.svg,https://openaccess.thecvf.com/content/ICCV2025/html/Yu_From_Easy_to_Hard_Progressive_Active_Learning_Framework_for_Infrared_ICCV_2025_paper.html
P143_F3_p04,P143,From Easy to Hard: Progressive Active Learning Framework for Infrared Small Target Detection with Single Point Supervision,ICCV,2025,01_视觉网络与编码解码,L10,V04,机制示意与总体框架,3,4,已完成机制类型与风格缩略图检查；细节请核对原PDF,references/01_视觉网络与编码解码/P143/figures/P143_F3_p04.png,references/01_视觉网络与编码解码/P143/figures/P143_F3_p04.svg,https://openaccess.thecvf.com/content/ICCV2025/html/Yu_From_Easy_to_Hard_Progressive_Active_Learning_Framework_for_Infrared_ICCV_2025_paper.html
P144_F2_p03,P144,STDDNet: Harnessing Mamba for Video Polyp Segmentation via Spatial-aligned Temporal Modeling and Discriminative Dynamic Representation Learning,ICCV,2025,02_Transformer与注意力,L04,V04,机制示意与总体框架,2,3,已完成机制类型与风格缩略图检查；细节请核对原PDF,references/02_Transformer与注意力/P144/figures/P144_F2_p03.png,references/02_Transformer与注意力/P144/figures/P144_F2_p03.svg,https://openaccess.thecvf.com/content/ICCV2025/html/Chen_STDDNet_Harnessing_Mamba_for_Video_Polyp_Segmentation_via_Spatial-aligned_Temporal_ICCV_2025_paper.html
P144_F3_p04,P144,STDDNet: Harnessing Mamba for Video Polyp Segmentation via Spatial-aligned Temporal Modeling and Discriminative Dynamic Representation Learning,ICCV,2025,02_Transformer与注意力,L04,V03,机制示意与总体框架,3,4,已完成机制类型与风格缩略图检查；细节请核对原PDF,references/02_Transformer与注意力/P144/figures/P144_F3_p04.png,references/02_Transformer与注意力/P144/figures/P144_F3_p04.svg,https://openaccess.thecvf.com/content/ICCV2025/html/Chen_STDDNet_Harnessing_Mamba_for_Video_Polyp_Segmentation_via_Spatial-aligned_Temporal_ICCV_2025_paper.html
P145_F5_p05,P145,SeqGrowGraph: Learning Lane Topology as a Chain of Graph Expansions,ICCV,2025,03_图神经网络与关系推理,L01,V03,图结构与消息传递,5,5,已完成机制类型与风格缩略图检查；细节请核对原PDF,references/03_图神经网络与关系推理/P145/figures/P145_F5_p05.png,references/03_图神经网络与关系推理/P145/figures/P145_F5_p05.svg,https://openaccess.thecvf.com/content/ICCV2025/html/Xie_SeqGrowGraph_Learning_Lane_Topology_as_a_Chain_of_Graph_Expansions_ICCV_2025_paper.html
P146_F2_p05,P146,Joint Diffusion Models in Continual Learning,ICCV,2025,04_生成模型与扩散机制,L07,V01,训练机制与学习流程,2,5,已完成机制类型与风格缩略图检查；细节请核对原PDF,references/04_生成模型与扩散机制/P146/figures/P146_F2_p05.png,references/04_生成模型与扩散机制/P146/figures/P146_F2_p05.svg,https://openaccess.thecvf.com/content/ICCV2025/html/Skiers_Joint_Diffusion_Models_in_Continual_Learning_ICCV_2025_paper.html
P147_F1_p03,P147,FedXDS: Leveraging Model Attribution Methods to counteract Data Heterogeneity in Federated Learning,ICCV,2025,10_计算机系统与数据流程,L01,V04,机制示意与总体框架,1,3,已完成机制类型与风格缩略图检查；细节请核对原PDF,references/05_检索增强与知识系统/P147/figures/P147_F1_p03.png,references/05_检索增强与知识系统/P147/figures/P147_F1_p03.svg,https://openaccess.thecvf.com/content/ICCV2025/html/Hoefler_FedXDS_Leveraging_Model_Attribution_Methods_to_counteract_Data_Heterogeneity_in_ICCV_2025_paper.html
P148_F2_p04,P148,ModalTune: Fine-Tuning Slide-Level Foundation Models with Multi-Modal Information for Multi-task Learning in Digital Pathology,ICCV,2025,06_多模态与跨模态融合,L04,V01,训练机制与学习流程,2,4,已完成机制类型与风格缩略图检查；细节请核对原PDF,references/06_多模态与跨模态融合/P148/figures/P148_F2_p04.png,references/06_多模态与跨模态融合/P148/figures/P148_F2_p04.svg,https://openaccess.thecvf.com/content/ICCV2025/html/Ramanathan_ModalTune_Fine-Tuning_Slide-Level_Foundation_Models_with_Multi-Modal_Information_for_Multi-task_ICCV_2025_paper.html
P149_F1_p01,P149,Disentangled World Models: Learning to Transfer Semantic Knowledge from Distracting Videos for Reinforcement Learning,ICCV,2025,07_强化学习与智能体,L08,V04,机制示意与总体框架,1,1,已完成机制类型与风格缩略图检查；细节请核对原PDF,references/07_强化学习与智能体/P149/figures/P149_F1_p01.png,references/07_强化学习与智能体/P149/figures/P149_F1_p01.svg,https://openaccess.thecvf.com/content/ICCV2025/html/Wang_Disentangled_World_Models_Learning_to_Transfer_Semantic_Knowledge_from_Distracting_ICCV_2025_paper.html
P149_F2_p03,P149,Disentangled World Models: Learning to Transfer Semantic Knowledge from Distracting Videos for Reinforcement Learning,ICCV,2025,07_强化学习与智能体,L09,V01,训练机制与学习流程,2,3,已完成机制类型与风格缩略图检查；细节请核对原PDF,references/07_强化学习与智能体/P149/figures/P149_F2_p03.png,references/07_强化学习与智能体/P149/figures/P149_F2_p03.svg,https://openaccess.thecvf.com/content/ICCV2025/html/Wang_Disentangled_World_Models_Learning_to_Transfer_Semantic_Knowledge_from_Distracting_ICCV_2025_paper.html
P150_F1_p01,P150,Harnessing Text-to-Image Diffusion Models for Point Cloud Self-Supervised Learning,ICCV,2025,04_生成模型与扩散机制,L07,V04,机制示意与总体框架,1,1,已完成机制类型与风格缩略图检查；细节请核对原PDF,references/04_生成模型与扩散机制/P150/figures/P150_F1_p01.png,references/04_生成模型与扩散机制/P150/figures/P150_F1_p01.svg,https://openaccess.thecvf.com/content/ICCV2025/html/Chen_Harnessing_Text-to-Image_Diffusion_Models_for_Point_Cloud_Self-Supervised_Learning_ICCV_2025_paper.html
P150_F2_p04,P150,Harnessing Text-to-Image Diffusion Models for Point Cloud Self-Supervised Learning,ICCV,2025,04_生成模型与扩散机制,L04,V03,网络架构图,2,4,已完成机制类型与风格缩略图检查；细节请核对原PDF,references/04_生成模型与扩散机制/P150/figures/P150_F2_p04.png,references/04_生成模型与扩散机制/P150/figures/P150_F2_p04.svg,https://openaccess.thecvf.com/content/ICCV2025/html/Chen_Harnessing_Text-to-Image_Diffusion_Models_for_Point_Cloud_Self-Supervised_Learning_ICCV_2025_paper.html
P151_F2_p03,P151,Prior-aware Dynamic Temporal Modeling Framework for Sequential 3D Hand Pose Estimation,ICCV,2025,09_三维视觉与神经渲染,L04,V01,网络架构图,2,3,已完成机制类型与风格缩略图检查；细节请核对原PDF,references/09_三维视觉与神经渲染/P151/figures/P151_F2_p03.png,references/09_三维视觉与神经渲染/P151/figures/P151_F2_p03.svg,https://openaccess.thecvf.com/content/ICCV2025/html/Ren_Prior-aware_Dynamic_Temporal_Modeling_Framework_for_Sequential_3D_Hand_Pose_ICCV_2025_paper.html
P152_F1_p02,P152,S3R-GS: Streamlining the Pipeline for Large-Scale Street Scene Reconstruction,ICCV,2025,09_三维视觉与神经渲染,L09,V04,方法流程图,1,2,已完成机制类型与风格缩略图检查；细节请核对原PDF,references/10_计算机系统与数据流程/P152/figures/P152_F1_p02.png,references/10_计算机系统与数据流程/P152/figures/P152_F1_p02.svg,https://openaccess.thecvf.com/content/ICCV2025/html/Zheng_S3R-GS_Streamlining_the_Pipeline_for_Large-Scale_Street_Scene_Reconstruction_ICCV_2025_paper.html
P152_F2_p03,P152,S3R-GS: Streamlining the Pipeline for Large-Scale Street Scene Reconstruction,ICCV,2025,09_三维视觉与神经渲染,L04,V04,方法流程图,2,3,已完成机制类型与风格缩略图检查；细节请核对原PDF,references/10_计算机系统与数据流程/P152/figures/P152_F2_p03.png,references/10_计算机系统与数据流程/P152/figures/P152_F2_p03.svg,https://openaccess.thecvf.com/content/ICCV2025/html/Zheng_S3R-GS_Streamlining_the_Pipeline_for_Large-Scale_Street_Scene_Reconstruction_ICCV_2025_paper.html
P153_F2_p03,P153,Causality-guided Prompt Learning for Vision-language Models via Visual Granulation,ICCV,2025,06_多模态与跨模态融合,L02,V04,训练机制与学习流程,2,3,已完成机制类型与风格缩略图检查；细节请核对原PDF,references/06_多模态与跨模态融合/P153/figures/P153_F2_p03.png,references/06_多模态与跨模态融合/P153/figures/P153_F2_p03.svg,https://openaccess.thecvf.com/content/ICCV2025/html/Gao_Causality-guided_Prompt_Learning_for_Vision-language_Models_via_Visual_Granulation_ICCV_2025_paper.html
P153_F3_p03,P153,Causality-guided Prompt Learning for Vision-language Models via Visual Granulation,ICCV,2025,06_多模态与跨模态融合,L02,V01,训练机制与学习流程,3,3,已完成机制类型与风格缩略图检查；细节请核对原PDF,references/06_多模态与跨模态融合/P153/figures/P153_F3_p03.png,references/06_多模态与跨模态融合/P153/figures/P153_F3_p03.svg,https://openaccess.thecvf.com/content/ICCV2025/html/Gao_Causality-guided_Prompt_Learning_for_Vision-language_Models_via_Visual_Granulation_ICCV_2025_paper.html
P153_F4_p04,P153,Causality-guided Prompt Learning for Vision-language Models via Visual Granulation,ICCV,2025,06_多模态与跨模态融合,L09,V01,网络架构图,4,4,已完成机制类型与风格缩略图检查；细节请核对原PDF,references/06_多模态与跨模态融合/P153/figures/P153_F4_p04.png,references/06_多模态与跨模态融合/P153/figures/P153_F4_p04.svg,https://openaccess.thecvf.com/content/ICCV2025/html/Gao_Causality-guided_Prompt_Learning_for_Vision-language_Models_via_Visual_Granulation_ICCV_2025_paper.html
P155_F3_p04,P155,Learning Counterfactually Decoupled Attention for Open-World Model Attribution,ICCV,2025,02_Transformer与注意力,L02,V03,注意力与信息交互,3,4,已完成机制类型与风格缩略图检查；细节请核对原PDF,references/02_Transformer与注意力/P155/figures/P155_F3_p04.png,references/02_Transformer与注意力/P155/figures/P155_F3_p04.svg,https://openaccess.thecvf.com/content/ICCV2025/html/Zheng_Learning_Counterfactually_Decoupled_Attention_for_Open-World_Model_Attribution_ICCV_2025_paper.html
P156_F1_p01,P156,Adaptive Hyper-Graph Convolution Network for Skeleton-based Human Action Recognition with Virtual Connections,ICCV,2025,03_图神经网络与关系推理,L09,V04,图结构与消息传递,1,1,已完成机制类型与风格缩略图检查；细节请核对原PDF,references/03_图神经网络与关系推理/P156/figures/P156_F1_p01.png,references/03_图神经网络与关系推理/P156/figures/P156_F1_p01.svg,https://openaccess.thecvf.com/content/ICCV2025/html/Zhou_Adaptive_Hyper-Graph_Convolution_Network_for_Skeleton-based_Human_Action_Recognition_with_ICCV_2025_paper.html
P156_F2_p04,P156,Adaptive Hyper-Graph Convolution Network for Skeleton-based Human Action Recognition with Virtual Connections,ICCV,2025,03_图神经网络与关系推理,L04,V03,图结构与消息传递,2,4,已完成机制类型与风格缩略图检查；细节请核对原PDF,references/03_图神经网络与关系推理/P156/figures/P156_F2_p04.png,references/03_图神经网络与关系推理/P156/figures/P156_F2_p04.svg,https://openaccess.thecvf.com/content/ICCV2025/html/Zhou_Adaptive_Hyper-Graph_Convolution_Network_for_Skeleton-based_Human_Action_Recognition_with_ICCV_2025_paper.html
P158_F1_p04,P158,Learning Changes in Graphon Attachment Network Models,ICML,2025,03_图神经网络与关系推理,L05,V05,机制示意与总体框架,1,4,已完成机制类型与风格缩略图检查；细节请核对原PDF,references/03_图神经网络与关系推理/P158/figures/P158_F1_p04.png,references/03_图神经网络与关系推理/P158/figures/P158_F1_p04.svg,https://proceedings.mlr.press/v267/fan25f.html
P159_F1_p03,P159,A Variational Framework for Improving Naturalness in Generative Spoken Language Models,ICML,2025,04_生成模型与扩散机制,L02,V01,机制示意与总体框架,1,3,已完成机制类型与风格缩略图检查；细节请核对原PDF,references/04_生成模型与扩散机制/P159/figures/P159_F1_p03.png,references/04_生成模型与扩散机制/P159/figures/P159_F1_p03.svg,https://proceedings.mlr.press/v267/chen25z.html
P159_F2_p15,P159,A Variational Framework for Improving Naturalness in Generative Spoken Language Models,ICML,2025,04_生成模型与扩散机制,L09,V01,网络架构图,2,15,已完成机制类型与风格缩略图检查；细节请核对原PDF,references/04_生成模型与扩散机制/P159/figures/P159_F2_p15.png,references/04_生成模型与扩散机制/P159/figures/P159_F2_p15.svg,https://proceedings.mlr.press/v267/chen25z.html
P161_F1_p03,P161,ELEMENTAL: Interactive Learning from Demonstrations and Vision-Language Models for Reward Design in Robotics,ICML,2025,06_多模态与跨模态融合,L01,V04,方法流程图,1,3,已完成机制类型与风格缩略图检查；细节请核对原PDF,references/06_多模态与跨模态融合/P161/figures/P161_F1_p03.png,references/06_多模态与跨模态融合/P161/figures/P161_F1_p03.svg,https://proceedings.mlr.press/v267/chen25at.html
P163_F1_p03,P163,SHARP-Distill: A 68$\times$ Faster Recommender System with Hypergraph Neural Networks and Language Models,ICML,2025,03_图神经网络与关系推理,L04,V01,图结构与消息传递,1,3,已完成机制类型与风格缩略图检查；细节请核对原PDF,references/03_图神经网络与关系推理/P163/figures/P163_F1_p03.png,references/03_图神经网络与关系推理/P163/figures/P163_F1_p03.svg,https://proceedings.mlr.press/v267/forouzandeh25a.html
P164_F1_p06,P164,Graph Neural Network Generalization With Gaussian Mixture Model Based Augmentation,ICML,2025,03_图神经网络与关系推理,L01,V03,图结构与消息传递,1,6,已完成机制类型与风格缩略图检查；细节请核对原PDF,references/03_图神经网络与关系推理/P164/figures/P164_F1_p06.png,references/03_图神经网络与关系推理/P164/figures/P164_F1_p06.svg,https://proceedings.mlr.press/v267/abbahaddou25a.html
P167_F2_p04,P167,Open-Det: An Efficient Learning Framework for Open-Ended Detection,ICML,2025,01_视觉网络与编码解码,L04,V04,训练机制与学习流程,2,4,已完成机制类型与风格缩略图检查；细节请核对原PDF,references/01_视觉网络与编码解码/P167/figures/P167_F2_p04.png,references/01_视觉网络与编码解码/P167/figures/P167_F2_p04.svg,https://proceedings.mlr.press/v267/cao25h.html
P167_F3_p05,P167,Open-Det: An Efficient Learning Framework for Open-Ended Detection,ICML,2025,01_视觉网络与编码解码,L02,V01,网络架构图,3,5,已完成机制类型与风格缩略图检查；细节请核对原PDF,references/01_视觉网络与编码解码/P167/figures/P167_F3_p05.png,references/01_视觉网络与编码解码/P167/figures/P167_F3_p05.svg,https://proceedings.mlr.press/v267/cao25h.html
P167_F5_p13,P167,Open-Det: An Efficient Learning Framework for Open-Ended Detection,ICML,2025,01_视觉网络与编码解码,L01,V04,训练机制与学习流程,5,13,已完成机制类型与风格缩略图检查；细节请核对原PDF,references/01_视觉网络与编码解码/P167/figures/P167_F5_p13.png,references/01_视觉网络与编码解码/P167/figures/P167_F5_p13.svg,https://proceedings.mlr.press/v267/cao25h.html
P167_F6_p14,P167,Open-Det: An Efficient Learning Framework for Open-Ended Detection,ICML,2025,01_视觉网络与编码解码,L06,V04,机制示意与总体框架,6,14,已完成机制类型与风格缩略图检查；细节请核对原PDF,references/01_视觉网络与编码解码/P167/figures/P167_F6_p14.png,references/01_视觉网络与编码解码/P167/figures/P167_F6_p14.svg,https://proceedings.mlr.press/v267/cao25h.html
P169_F2_p04,P169,AutoGFM: Automated Graph Foundation Model with Adaptive Architecture Customization,ICML,2025,03_图神经网络与关系推理,L04,V05,图结构与消息传递,2,4,已完成机制类型与风格缩略图检查；细节请核对原PDF,references/03_图神经网络与关系推理/P169/figures/P169_F2_p04.png,references/03_图神经网络与关系推理/P169/figures/P169_F2_p04.svg,https://proceedings.mlr.press/v267/chen25bp.html
P172_F2_p04,P172,FOCoOp: Enhancing Out-of-Distribution Robustness in Federated Prompt Learning for Vision-Language Models,ICML,2025,06_多模态与跨模态融合,L09,V04,机制示意与总体框架,2,4,已完成机制类型与风格缩略图检查；细节请核对原PDF,references/06_多模态与跨模态融合/P172/figures/P172_F2_p04.png,references/06_多模态与跨模态融合/P172/figures/P172_F2_p04.svg,https://proceedings.mlr.press/v267/liao25e.html
P174_F1_p03,P174,Taming Language Models for Text-attributed Graph Learning with Decoupled Aggregation,ACL,2025,03_图神经网络与关系推理,L01,V04,网络架构图,1,3,已完成机制类型与风格缩略图检查；细节请核对原PDF,references/03_图神经网络与关系推理/P174/figures/P174_F1_p03.png,references/03_图神经网络与关系推理/P174/figures/P174_F1_p03.svg,https://aclanthology.org/2025.acl-long.173/
P174_F2_p03,P174,Taming Language Models for Text-attributed Graph Learning with Decoupled Aggregation,ACL,2025,03_图神经网络与关系推理,L05,V01,图结构与消息传递,2,3,已完成机制类型与风格缩略图检查；细节请核对原PDF,references/03_图神经网络与关系推理/P174/figures/P174_F2_p03.png,references/03_图神经网络与关系推理/P174/figures/P174_F2_p03.svg,https://aclanthology.org/2025.acl-long.173/
P174_F3_p05,P174,Taming Language Models for Text-attributed Graph Learning with Decoupled Aggregation,ACL,2025,03_图神经网络与关系推理,L04,V04,图结构与消息传递,3,5,已完成机制类型与风格缩略图检查；细节请核对原PDF,references/03_图神经网络与关系推理/P174/figures/P174_F3_p05.png,references/03_图神经网络与关系推理/P174/figures/P174_F3_p05.svg,https://aclanthology.org/2025.acl-long.173/
P175_F2_p04,P175,Segment-Level Diffusion: A Framework for Controllable Long-Form Generation with Diffusion Language Models,ACL,2025,04_生成模型与扩散机制,L04,V03,训练机制与学习流程,2,4,已完成机制类型与风格缩略图检查；细节请核对原PDF,references/04_生成模型与扩散机制/P175/figures/P175_F2_p04.png,references/04_生成模型与扩散机制/P175/figures/P175_F2_p04.svg,https://aclanthology.org/2025.acl-long.210/
P176_F3_p05,P176,CART : A Generative Cross-Modal Retrieval Framework With Coarse-To-Fine Semantic Modeling,ACL,2025,05_检索增强与知识系统,L09,V01,网络架构图,3,5,已完成机制类型与风格缩略图检查；细节请核对原PDF,references/04_生成模型与扩散机制/P176/figures/P176_F3_p05.png,references/04_生成模型与扩散机制/P176/figures/P176_F3_p05.svg,https://aclanthology.org/2025.acl-long.735/
P177_F3_p04,P177,Modality-Aware Neuron Pruning for Unlearning in Multimodal Large Language Models,ACL,2025,06_多模态与跨模态融合,L01,V05,机制示意与总体框架,3,4,已完成机制类型与风格缩略图检查；细节请核对原PDF,references/06_多模态与跨模态融合/P177/figures/P177_F3_p04.png,references/06_多模态与跨模态融合/P177/figures/P177_F3_p04.svg,https://aclanthology.org/2025.acl-long.295/
P178_F1_p01,P178,FACT - AUDIT : An Adaptive Multi-Agent Framework for Dynamic Fact-Checking Evaluation of Large Language Models,ACL,2025,07_强化学习与智能体,L09,V04,方法流程图,1,1,已完成机制类型与风格缩略图检查；细节请核对原PDF,references/07_强化学习与智能体/P178/figures/P178_F1_p01.png,references/07_强化学习与智能体/P178/figures/P178_F1_p01.svg,https://aclanthology.org/2025.acl-long.17/
P178_F2_p04,P178,FACT - AUDIT : An Adaptive Multi-Agent Framework for Dynamic Fact-Checking Evaluation of Large Language Models,ACL,2025,07_强化学习与智能体,L07,V04,机制示意与总体框架,2,4,已完成机制类型与风格缩略图检查；细节请核对原PDF,references/07_强化学习与智能体/P178/figures/P178_F2_p04.png,references/07_强化学习与智能体/P178/figures/P178_F2_p04.svg,https://aclanthology.org/2025.acl-long.17/
P179_F2_p03,P179,A Triple-View Framework for Fine-Grained Emotion Classification with Clustering-Guided Contrastive Learning,ACL,2025,08_训练策略与自监督,L02,V05,网络架构图,2,3,已完成机制类型与风格缩略图检查；细节请核对原PDF,references/08_训练策略与自监督/P179/figures/P179_F2_p03.png,references/08_训练策略与自监督/P179/figures/P179_F2_p03.svg,https://aclanthology.org/2025.acl-long.247/
P181_F1_p02,P181,IRIS : An Iterative and Integrated Framework for Verifiable Causal Discovery in the Absence of Tabular Data,ACL,2025,11_因果与AI科学机制,L07,V04,图结构与消息传递,1,2,已完成机制类型与风格缩略图检查；细节请核对原PDF,references/11_因果与AI科学机制/P181/figures/P181_F1_p02.png,references/11_因果与AI科学机制/P181/figures/P181_F1_p02.svg,https://aclanthology.org/2025.acl-long.463/
P182_F2_p05,P182,I mpli H ate V id: A Benchmark Dataset and Two-stage Contrastive Learning Framework for Implicit Hate Speech Detection in Videos,ACL,2025,08_训练策略与自监督,L02,V03,网络架构图,2,5,已完成机制类型与风格缩略图检查；细节请核对原PDF,references/08_训练策略与自监督/P182/figures/P182_F2_p05.png,references/08_训练策略与自监督/P182/figures/P182_F2_p05.svg,https://aclanthology.org/2025.acl-long.842/
P183_F2_p05,P183,ECERC : Evidence-Cause Attention Network for Multi-Modal Emotion Recognition in Conversation,ACL,2025,06_多模态与跨模态融合,L02,V01,网络架构图,2,5,已完成机制类型与风格缩略图检查；细节请核对原PDF,references/02_Transformer与注意力/P183/figures/P183_F2_p05.png,references/02_Transformer与注意力/P183/figures/P183_F2_p05.svg,https://aclanthology.org/2025.acl-long.102/
P183_F3_p06,P183,ECERC : Evidence-Cause Attention Network for Multi-Modal Emotion Recognition in Conversation,ACL,2025,06_多模态与跨模态融合,L06,V01,注意力与信息交互,3,6,已完成机制类型与风格缩略图检查；细节请核对原PDF,references/02_Transformer与注意力/P183/figures/P183_F3_p06.png,references/02_Transformer与注意力/P183/figures/P183_F3_p06.svg,https://aclanthology.org/2025.acl-long.102/
P184_F2_p04,P184,A Generative Adaptive Replay Continual Learning Model for Temporal Knowledge Graph Reasoning,ACL,2025,03_图神经网络与关系推理,L04,V05,网络架构图,2,4,已完成机制类型与风格缩略图检查；细节请核对原PDF,references/03_图神经网络与关系推理/P184/figures/P184_F2_p04.png,references/03_图神经网络与关系推理/P184/figures/P184_F2_p04.svg,https://aclanthology.org/2025.acl-long.537/
