id,kind,topic,category,layout_style,visual_style,title,venue,year,image,source_url,figure_number,pdf_page
P001_F2_p03,paper_reference,02,02_Transformer与注意力,L04,V01,A Unified Framework for Microscopy Defocus Deblur with Multi-Pyramid Transformer and Contrastive Learning,CVPR,2024,references/02_Transformer与注意力/P001/figures/P001_F2_p03.png,https://openaccess.thecvf.com/content/CVPR2024/html/Zhang_A_Unified_Framework_for_Microscopy_Defocus_Deblur_with_Multi-Pyramid_Transformer_CVPR_2024_paper.html,2,3
P002_F1_p03,paper_reference,03,03_图神经网络与关系推理,L06,V02,Learning Structure-from-Motion with Graph Attention Networks,CVPR,2024,references/02_Transformer与注意力/P002/figures/P002_F1_p03.png,https://openaccess.thecvf.com/content/CVPR2024/html/Brynte_Learning_Structure-from-Motion_with_Graph_Attention_Networks_CVPR_2024_paper.html,1,3
P002_F2_p04,paper_reference,03,03_图神经网络与关系推理,L06,V02,Learning Structure-from-Motion with Graph Attention Networks,CVPR,2024,references/02_Transformer与注意力/P002/figures/P002_F2_p04.png,https://openaccess.thecvf.com/content/CVPR2024/html/Brynte_Learning_Structure-from-Motion_with_Graph_Attention_Networks_CVPR_2024_paper.html,2,4
P002_F3_p04,paper_reference,03,03_图神经网络与关系推理,L06,V02,Learning Structure-from-Motion with Graph Attention Networks,CVPR,2024,references/02_Transformer与注意力/P002/figures/P002_F3_p04.png,https://openaccess.thecvf.com/content/CVPR2024/html/Brynte_Learning_Structure-from-Motion_with_Graph_Attention_Networks_CVPR_2024_paper.html,3,4
P002_F4_p05,paper_reference,03,03_图神经网络与关系推理,L06,V02,Learning Structure-from-Motion with Graph Attention Networks,CVPR,2024,references/02_Transformer与注意力/P002/figures/P002_F4_p05.png,https://openaccess.thecvf.com/content/CVPR2024/html/Brynte_Learning_Structure-from-Motion_with_Graph_Attention_Networks_CVPR_2024_paper.html,4,5
P002_F5_p05,paper_reference,03,03_图神经网络与关系推理,L06,V02,Learning Structure-from-Motion with Graph Attention Networks,CVPR,2024,references/02_Transformer与注意力/P002/figures/P002_F5_p05.png,https://openaccess.thecvf.com/content/CVPR2024/html/Brynte_Learning_Structure-from-Motion_with_Graph_Attention_Networks_CVPR_2024_paper.html,5,5
P004_F5_p08,paper_reference,06,06_多模态与跨模态融合,L01,V04,Looking Similar Sounding Different: Leveraging Counterfactual Cross-Modal Pairs for Audiovisual Representation Learning,CVPR,2024,references/05_检索增强与知识系统/P004/figures/P004_F5_p08.png,https://openaccess.thecvf.com/content/CVPR2024/html/Singh_Looking_Similar_Sounding_Different_Leveraging_Counterfactual_Cross-Modal_Pairs_for_Audiovisual_CVPR_2024_paper.html,5,8
P005_F2_p04,paper_reference,06,06_多模态与跨模态融合,L04,V01,Dual Memory Networks: A Versatile Adaptation Approach for Vision-Language Models,CVPR,2024,references/06_多模态与跨模态融合/P005/figures/P005_F2_p04.png,https://openaccess.thecvf.com/content/CVPR2024/html/Zhang_Dual_Memory_Networks_A_Versatile_Adaptation_Approach_for_Vision-Language_Models_CVPR_2024_paper.html,2,4
P006_F2_p03,paper_reference,07,07_强化学习与智能体,L09,V04,Towards Learning a Generalist Model for Embodied Navigation,CVPR,2024,references/07_强化学习与智能体/P006/figures/P006_F2_p03.png,https://openaccess.thecvf.com/content/CVPR2024/html/Zheng_Towards_Learning_a_Generalist_Model_for_Embodied_Navigation_CVPR_2024_paper.html,2,3
P007_F2_p03,paper_reference,08,08_训练策略与自监督,L01,V04,Towards Scalable 3D Anomaly Detection and Localization: A Benchmark via 3D Anomaly Synthesis and A Self-Supervised Learning Network,CVPR,2024,references/08_训练策略与自监督/P007/figures/P007_F2_p03.png,https://openaccess.thecvf.com/content/CVPR2024/html/Li_Towards_Scalable_3D_Anomaly_Detection_and_Localization_A_Benchmark_via_CVPR_2024_paper.html,2,3
P007_F3_p04,paper_reference,08,08_训练策略与自监督,L09,V04,Towards Scalable 3D Anomaly Detection and Localization: A Benchmark via 3D Anomaly Synthesis and A Self-Supervised Learning Network,CVPR,2024,references/08_训练策略与自监督/P007/figures/P007_F3_p04.png,https://openaccess.thecvf.com/content/CVPR2024/html/Li_Towards_Scalable_3D_Anomaly_Detection_and_Localization_A_Benchmark_via_CVPR_2024_paper.html,3,4
P008_F1_p01,paper_reference,08,08_训练策略与自监督,L09,V04,VoCo: A Simple-yet-Effective Volume Contrastive Learning Framework for 3D Medical Image Analysis,CVPR,2024,references/08_训练策略与自监督/P008/figures/P008_F1_p01.png,https://openaccess.thecvf.com/content/CVPR2024/html/Wu_VoCo_A_Simple-yet-Effective_Volume_Contrastive_Learning_Framework_for_3D_Medical_CVPR_2024_paper.html,1,1
P008_F2_p02,paper_reference,08,08_训练策略与自监督,L09,V01,VoCo: A Simple-yet-Effective Volume Contrastive Learning Framework for 3D Medical Image Analysis,CVPR,2024,references/08_训练策略与自监督/P008/figures/P008_F2_p02.png,https://openaccess.thecvf.com/content/CVPR2024/html/Wu_VoCo_A_Simple-yet-Effective_Volume_Contrastive_Learning_Framework_for_3D_Medical_CVPR_2024_paper.html,2,2
P008_F3_p04,paper_reference,08,08_训练策略与自监督,L04,V03,VoCo: A Simple-yet-Effective Volume Contrastive Learning Framework for 3D Medical Image Analysis,CVPR,2024,references/08_训练策略与自监督/P008/figures/P008_F3_p04.png,https://openaccess.thecvf.com/content/CVPR2024/html/Wu_VoCo_A_Simple-yet-Effective_Volume_Contrastive_Learning_Framework_for_3D_Medical_CVPR_2024_paper.html,3,4
P009_F2_p04,paper_reference,06,06_多模态与跨模态融合,L04,V01,Querying as Prompt: Parameter-Efficient Learning for Multimodal Language Model,CVPR,2024,references/06_多模态与跨模态融合/P009/figures/P009_F2_p04.png,https://openaccess.thecvf.com/content/CVPR2024/html/Liang_Querying_as_Prompt_Parameter-Efficient_Learning_for_Multimodal_Language_Model_CVPR_2024_paper.html,2,4
P010_F1_p03,paper_reference,11,11_因果与AI科学机制,L05,V05,Clustering for Protein Representation Learning,CVPR,2024,references/11_因果与AI科学机制/P010/figures/P010_F1_p03.png,https://openaccess.thecvf.com/content/CVPR2024/html/Quan_Clustering_for_Protein_Representation_Learning_CVPR_2024_paper.html,1,3
P010_F2_p04,paper_reference,11,11_因果与AI科学机制,L03,V03,Clustering for Protein Representation Learning,CVPR,2024,references/11_因果与AI科学机制/P010/figures/P010_F2_p04.png,https://openaccess.thecvf.com/content/CVPR2024/html/Quan_Clustering_for_Protein_Representation_Learning_CVPR_2024_paper.html,2,4
P011_F1_p03,paper_reference,01,01_视觉网络与编码解码,L04,V02,Convolutional Prompting meets Language Models for Continual Learning,CVPR,2024,references/01_视觉网络与编码解码/P011/figures/P011_F1_p03.png,https://openaccess.thecvf.com/content/CVPR2024/html/Roy_Convolutional_Prompting_meets_Language_Models_for_Continual_Learning_CVPR_2024_paper.html,1,3
P012_F1_p04,paper_reference,02,02_Transformer与注意力,L02,V03,OmniVec2 - A Novel Transformer based Network for Large Scale Multimodal and Multitask Learning,CVPR,2024,references/02_Transformer与注意力/P012/figures/P012_F1_p04.png,https://openaccess.thecvf.com/content/CVPR2024/html/Srivastava_OmniVec2_-_A_Novel_Transformer_based_Network_for_Large_Scale_CVPR_2024_paper.html,1,4
P013_F1_p02,paper_reference,03,03_图神经网络与关系推理,L09,V04,LLM4SGG: Large Language Models for Weakly Supervised Scene Graph Generation,CVPR,2024,references/03_图神经网络与关系推理/P013/figures/P013_F1_p02.png,https://openaccess.thecvf.com/content/CVPR2024/html/Kim_LLM4SGG_Large_Language_Models_for_Weakly_Supervised_Scene_Graph_Generation_CVPR_2024_paper.html,1,2
P013_F2_p05,paper_reference,03,03_图神经网络与关系推理,L04,V04,LLM4SGG: Large Language Models for Weakly Supervised Scene Graph Generation,CVPR,2024,references/03_图神经网络与关系推理/P013/figures/P013_F2_p05.png,https://openaccess.thecvf.com/content/CVPR2024/html/Kim_LLM4SGG_Large_Language_Models_for_Weakly_Supervised_Scene_Graph_Generation_CVPR_2024_paper.html,2,5
P014_F1_p04,paper_reference,04,04_生成模型与扩散机制,L02,V05,SNED: Superposition Network Architecture Search for Efficient Video Diffusion Model,CVPR,2024,references/04_生成模型与扩散机制/P014/figures/P014_F1_p04.png,https://openaccess.thecvf.com/content/CVPR2024/html/Li_SNED_Superposition_Network_Architecture_Search_for_Efficient_Video_Diffusion_Model_CVPR_2024_paper.html,1,4
P014_F2_p04,paper_reference,04,04_生成模型与扩散机制,L06,V03,SNED: Superposition Network Architecture Search for Efficient Video Diffusion Model,CVPR,2024,references/04_生成模型与扩散机制/P014/figures/P014_F2_p04.png,https://openaccess.thecvf.com/content/CVPR2024/html/Li_SNED_Superposition_Network_Architecture_Search_for_Efficient_Video_Diffusion_Model_CVPR_2024_paper.html,2,4
P015_F2_p02,paper_reference,03,03_图神经网络与关系推理,L09,V04,Leveraging Predicate and Triplet Learning for Scene Graph Generation,CVPR,2024,references/03_图神经网络与关系推理/P015/figures/P015_F2_p02.png,https://openaccess.thecvf.com/content/CVPR2024/html/Li_Leveraging_Predicate_and_Triplet_Learning_for_Scene_Graph_Generation_CVPR_2024_paper.html,2,2
P015_F3_p03,paper_reference,03,03_图神经网络与关系推理,L04,V04,Leveraging Predicate and Triplet Learning for Scene Graph Generation,CVPR,2024,references/03_图神经网络与关系推理/P015/figures/P015_F3_p03.png,https://openaccess.thecvf.com/content/CVPR2024/html/Li_Leveraging_Predicate_and_Triplet_Learning_for_Scene_Graph_Generation_CVPR_2024_paper.html,3,3
P017_F2_p03,paper_reference,02,02_Transformer与注意力,L02,V04,GameFormer: Game-theoretic Modeling and Learning of Transformer-based Interactive Prediction and Planning for Autonomous Driving,ICCV,2023,references/02_Transformer与注意力/P017/figures/P017_F2_p03.png,https://openaccess.thecvf.com/content/ICCV2023/html/Huang_GameFormer_Game-theoretic_Modeling_and_Learning_of_Transformer-based_Interactive_Prediction_and_ICCV_2023_paper.html,2,3
P017_F3_p04,paper_reference,02,02_Transformer与注意力,L07,V01,GameFormer: Game-theoretic Modeling and Learning of Transformer-based Interactive Prediction and Planning for Autonomous Driving,ICCV,2023,references/02_Transformer与注意力/P017/figures/P017_F3_p04.png,https://openaccess.thecvf.com/content/ICCV2023/html/Huang_GameFormer_Game-theoretic_Modeling_and_Learning_of_Transformer-based_Interactive_Prediction_and_ICCV_2023_paper.html,3,4
P019_F4_p05,paper_reference,04,04_生成模型与扩散机制,L04,V04,Text-Conditioned Sampling Framework for Text-to-Image Generation with Masked Generative Models,ICCV,2023,references/04_生成模型与扩散机制/P019/figures/P019_F4_p05.png,https://openaccess.thecvf.com/content/ICCV2023/html/Lee_Text-Conditioned_Sampling_Framework_for_Text-to-Image_Generation_with_Masked_Generative_Models_ICCV_2023_paper.html,4,5
P020_F1_p03,paper_reference,05,05_检索增强与知识系统,L04,V03,Learning Spatial-context-aware Global Visual Feature Representation for Instance Image Retrieval,ICCV,2023,references/05_检索增强与知识系统/P020/figures/P020_F1_p03.png,https://openaccess.thecvf.com/content/ICCV2023/html/Zhang_Learning_Spatial-context-aware_Global_Visual_Feature_Representation_for_Instance_Image_Retrieval_ICCV_2023_paper.html,1,3
P021_F2_p04,paper_reference,06,06_多模态与跨模态融合,L09,V04,Preventing Zero-Shot Transfer Degradation in Continual Learning of Vision-Language Models,ICCV,2023,references/06_多模态与跨模态融合/P021/figures/P021_F2_p04.png,https://openaccess.thecvf.com/content/ICCV2023/html/Zheng_Preventing_Zero-Shot_Transfer_Degradation_in_Continual_Learning_of_Vision-Language_Models_ICCV_2023_paper.html,2,4
P022_F2_p03,paper_reference,03,03_图神经网络与关系推理,L05,V04,Scene Graph Contrastive Learning for Embodied Navigation,ICCV,2023,references/03_图神经网络与关系推理/P022/figures/P022_F2_p03.png,https://openaccess.thecvf.com/content/ICCV2023/html/Singh_Scene_Graph_Contrastive_Learning_for_Embodied_Navigation_ICCV_2023_paper.html,2,3
P022_F3_p04,paper_reference,03,03_图神经网络与关系推理,L09,V01,Scene Graph Contrastive Learning for Embodied Navigation,ICCV,2023,references/03_图神经网络与关系推理/P022/figures/P022_F3_p04.png,https://openaccess.thecvf.com/content/ICCV2023/html/Singh_Scene_Graph_Contrastive_Learning_for_Embodied_Navigation_ICCV_2023_paper.html,3,4
P023_F2_p04,paper_reference,08,08_训练策略与自监督,L09,V03,Multiple Instance Learning Framework with Masked Hard Instance Mining for Whole Slide Image Classification,ICCV,2023,references/08_训练策略与自监督/P023/figures/P023_F2_p04.png,https://openaccess.thecvf.com/content/ICCV2023/html/Tang_Multiple_Instance_Learning_Framework_with_Masked_Hard_Instance_Mining_for_ICCV_2023_paper.html,2,4
P023_F3_p05,paper_reference,08,08_训练策略与自监督,L06,V01,Multiple Instance Learning Framework with Masked Hard Instance Mining for Whole Slide Image Classification,ICCV,2023,references/08_训练策略与自监督/P023/figures/P023_F3_p05.png,https://openaccess.thecvf.com/content/ICCV2023/html/Tang_Multiple_Instance_Learning_Framework_with_Masked_Hard_Instance_Mining_for_ICCV_2023_paper.html,3,5
P024_F1_p03,paper_reference,09,09_三维视觉与神经渲染,L04,V01,CO-Net: Learning Multiple Point Cloud Tasks at Once with A Cohesive Network,ICCV,2023,references/09_三维视觉与神经渲染/P024/figures/P024_F1_p03.png,https://openaccess.thecvf.com/content/ICCV2023/html/Xie_CO-Net_Learning_Multiple_Point_Cloud_Tasks_at_Once_with_A_ICCV_2023_paper.html,1,3
P024_F2_p05,paper_reference,09,09_三维视觉与神经渲染,L09,V02,CO-Net: Learning Multiple Point Cloud Tasks at Once with A Cohesive Network,ICCV,2023,references/09_三维视觉与神经渲染/P024/figures/P024_F2_p05.png,https://openaccess.thecvf.com/content/ICCV2023/html/Xie_CO-Net_Learning_Multiple_Point_Cloud_Tasks_at_Once_with_A_ICCV_2023_paper.html,2,5
P026_F2_p03,paper_reference,11,11_因果与AI科学机制,L09,V03,A Dynamic Dual-Processing Object Detection Framework Inspired by the Brain's Recognition Mechanism,ICCV,2023,references/11_因果与AI科学机制/P026/figures/P026_F2_p03.png,https://openaccess.thecvf.com/content/ICCV2023/html/Zhang_A_Dynamic_Dual-Processing_Object_Detection_Framework_Inspired_by_the_Brains_ICCV_2023_paper.html,2,3
P026_F3_p04,paper_reference,11,11_因果与AI科学机制,L09,V06,A Dynamic Dual-Processing Object Detection Framework Inspired by the Brain's Recognition Mechanism,ICCV,2023,references/11_因果与AI科学机制/P026/figures/P026_F3_p04.png,https://openaccess.thecvf.com/content/ICCV2023/html/Zhang_A_Dynamic_Dual-Processing_Object_Detection_Framework_Inspired_by_the_Brains_ICCV_2023_paper.html,3,4
P026_F4_p05,paper_reference,11,11_因果与AI科学机制,L06,V03,A Dynamic Dual-Processing Object Detection Framework Inspired by the Brain's Recognition Mechanism,ICCV,2023,references/11_因果与AI科学机制/P026/figures/P026_F4_p05.png,https://openaccess.thecvf.com/content/ICCV2023/html/Zhang_A_Dynamic_Dual-Processing_Object_Detection_Framework_Inspired_by_the_Brains_ICCV_2023_paper.html,4,5
P027_F1_p03,paper_reference,01,01_视觉网络与编码解码,L02,V03,Hierarchical Visual Categories Modeling: A Joint Representation Learning and Density Estimation Framework for Out-of-Distribution Detection,ICCV,2023,references/01_视觉网络与编码解码/P027/figures/P027_F1_p03.png,https://openaccess.thecvf.com/content/ICCV2023/html/Li_Hierarchical_Visual_Categories_Modeling_A_Joint_Representation_Learning_and_Density_ICCV_2023_paper.html,1,3
P029_F1_p03,paper_reference,02,02_Transformer与注意力,L02,V03,Dual Cross-Attention Learning for Fine-Grained Visual Categorization and Object Re-Identification,CVPR,2022,references/02_Transformer与注意力/P029/figures/P029_F1_p03.png,https://openaccess.thecvf.com/content/CVPR2022/html/Zhu_Dual_Cross-Attention_Learning_for_Fine-Grained_Visual_Categorization_and_Object_Re-Identification_CVPR_2022_paper.html,1,3
P030_F1_p03,paper_reference,03,03_图神经网络与关系推理,L01,V01,OrphicX: A Causality-Inspired Latent Variable Model for Interpreting Graph Neural Networks,CVPR,2022,references/03_图神经网络与关系推理/P030/figures/P030_F1_p03.png,https://openaccess.thecvf.com/content/CVPR2022/html/Lin_OrphicX_A_Causality-Inspired_Latent_Variable_Model_for_Interpreting_Graph_Neural_CVPR_2022_paper.html,1,3
P030_F2_p03,paper_reference,03,03_图神经网络与关系推理,L05,V01,OrphicX: A Causality-Inspired Latent Variable Model for Interpreting Graph Neural Networks,CVPR,2022,references/03_图神经网络与关系推理/P030/figures/P030_F2_p03.png,https://openaccess.thecvf.com/content/CVPR2022/html/Lin_OrphicX_A_Causality-Inspired_Latent_Variable_Model_for_Interpreting_Graph_Neural_CVPR_2022_paper.html,2,3
P031_F2_p05,paper_reference,04,04_生成模型与扩散机制,L07,V02,DO-GAN: A Double Oracle Framework for Generative Adversarial Networks,CVPR,2022,references/04_生成模型与扩散机制/P031/figures/P031_F2_p05.png,https://openaccess.thecvf.com/content/CVPR2022/html/Aung_DO-GAN_A_Double_Oracle_Framework_for_Generative_Adversarial_Networks_CVPR_2022_paper.html,2,5
P033_F1_p03,paper_reference,06,06_多模态与跨模态融合,L02,V03,Learning To Prompt for Open-Vocabulary Object Detection With Vision-Language Model,CVPR,2022,references/06_多模态与跨模态融合/P033/figures/P033_F1_p03.png,https://openaccess.thecvf.com/content/CVPR2022/html/Du_Learning_To_Prompt_for_Open-Vocabulary_Object_Detection_With_Vision-Language_Model_CVPR_2022_paper.html,1,3
P033_F2_p05,paper_reference,06,06_多模态与跨模态融合,L08,V03,Learning To Prompt for Open-Vocabulary Object Detection With Vision-Language Model,CVPR,2022,references/06_多模态与跨模态融合/P033/figures/P033_F2_p05.png,https://openaccess.thecvf.com/content/CVPR2022/html/Du_Learning_To_Prompt_for_Open-Vocabulary_Object_Detection_With_Vision-Language_Model_CVPR_2022_paper.html,2,5
P034_F4_p06,paper_reference,07,07_强化学习与智能体,L09,V03,Habitat-Web: Learning Embodied Object-Search Strategies From Human Demonstrations at Scale,CVPR,2022,references/07_强化学习与智能体/P034/figures/P034_F4_p06.png,https://openaccess.thecvf.com/content/CVPR2022/html/Ramrakhya_Habitat-Web_Learning_Embodied_Object-Search_Strategies_From_Human_Demonstrations_at_Scale_CVPR_2022_paper.html,4,6
P036_F2_p04,paper_reference,04,04_生成模型与扩散机制,L04,V04,Disentangled3D: Learning a 3D Generative Model With Disentangled Geometry and Appearance From Monocular Images,CVPR,2022,references/04_生成模型与扩散机制/P036/figures/P036_F2_p04.png,https://openaccess.thecvf.com/content/CVPR2022/html/Tewari_Disentangled3D_Learning_a_3D_Generative_Model_With_Disentangled_Geometry_and_CVPR_2022_paper.html,2,4
P037_F2_p06,paper_reference,02,02_Transformer与注意力,L04,V01,Towards Multi-modal Transformers in Federated Learning,ECCV,2024,references/02_Transformer与注意力/P037/figures/P037_F2_p06.png,https://www.ecva.net/papers/eccv_2024/papers_ECCV/html/2339_ECCV_2024_paper.php,2,6
P037_F3_p07,paper_reference,02,02_Transformer与注意力,L09,V01,Towards Multi-modal Transformers in Federated Learning,ECCV,2024,references/02_Transformer与注意力/P037/figures/P037_F3_p07.png,https://www.ecva.net/papers/eccv_2024/papers_ECCV/html/2339_ECCV_2024_paper.php,3,7
P038_F2_p05,paper_reference,03,03_图神经网络与关系推理,L02,V03,Equi-GSPR: Equivariant SE(3) Graph Network Model for Sparse Point Cloud Registration,ECCV,2024,references/03_图神经网络与关系推理/P038/figures/P038_F2_p05.png,https://www.ecva.net/papers/eccv_2024/papers_ECCV/html/521_ECCV_2024_paper.php,2,5
P039_F2_p03,paper_reference,04,04_生成模型与扩散机制,L09,V03,VFusion3D: Learning Scalable 3D Generative Models from Video Diffusion Models,ECCV,2024,references/04_生成模型与扩散机制/P039/figures/P039_F2_p03.png,https://www.ecva.net/papers/eccv_2024/papers_ECCV/html/255_ECCV_2024_paper.php,2,3
P040_F2_p04,paper_reference,05,05_检索增强与知识系统,L04,V03,PairingNet: A Learning-based Pair-searching and -matching Network for Image Fragments,ECCV,2024,references/05_检索增强与知识系统/P040/figures/P040_F2_p04.png,https://www.ecva.net/papers/eccv_2024/papers_ECCV/html/7655_ECCV_2024_paper.php,2,4
P041_F2_p06,paper_reference,06,06_多模态与跨模态融合,L09,V01,UniCode : Learning a Unified Codebook for Multimodal Large Language Models,ECCV,2024,references/06_多模态与跨模态融合/P041/figures/P041_F2_p06.png,https://www.ecva.net/papers/eccv_2024/papers_ECCV/html/1331_ECCV_2024_paper.php,2,6
P041_F3_p07,paper_reference,06,06_多模态与跨模态融合,L01,V03,UniCode : Learning a Unified Codebook for Multimodal Large Language Models,ECCV,2024,references/06_多模态与跨模态融合/P041/figures/P041_F3_p07.png,https://www.ecva.net/papers/eccv_2024/papers_ECCV/html/1331_ECCV_2024_paper.php,3,7
P042_F3_p05,paper_reference,04,04_生成模型与扩散机制,L07,V01,Enhancing Diffusion Models with Text-Encoder Reinforcement Learning,ECCV,2024,references/04_生成模型与扩散机制/P042/figures/P042_F3_p05.png,https://www.ecva.net/papers/eccv_2024/papers_ECCV/html/3625_ECCV_2024_paper.php,3,5
P043_F1_p02,paper_reference,08,08_训练策略与自监督,L09,V05,Data-to-Model Distillation: Data-Efficient Learning Framework,ECCV,2024,references/08_训练策略与自监督/P043/figures/P043_F1_p02.png,https://www.ecva.net/papers/eccv_2024/papers_ECCV/html/6020_ECCV_2024_paper.php,1,2
P043_F2_p05,paper_reference,08,08_训练策略与自监督,L02,V03,Data-to-Model Distillation: Data-Efficient Learning Framework,ECCV,2024,references/08_训练策略与自监督/P043/figures/P043_F2_p05.png,https://www.ecva.net/papers/eccv_2024/papers_ECCV/html/6020_ECCV_2024_paper.php,2,5
P044_F2_p05,paper_reference,09,09_三维视觉与神经渲染,L07,V03,OccWorld: Learning a 3D Occupancy World Model for Autonomous Driving,ECCV,2024,references/09_三维视觉与神经渲染/P044/figures/P044_F2_p05.png,https://www.ecva.net/papers/eccv_2024/papers_ECCV/html/2024_ECCV_2024_paper.php,2,5
P044_F3_p07,paper_reference,09,09_三维视觉与神经渲染,L09,V03,OccWorld: Learning a 3D Occupancy World Model for Autonomous Driving,ECCV,2024,references/09_三维视觉与神经渲染/P044/figures/P044_F3_p07.png,https://www.ecva.net/papers/eccv_2024/papers_ECCV/html/2024_ECCV_2024_paper.php,3,7
P045_F2_p04,paper_reference,10,10_计算机系统与数据流程,L09,V01,Resilience of Entropy Model in Distributed Neural Networks,ECCV,2024,references/10_计算机系统与数据流程/P045/figures/P045_F2_p04.png,https://www.ecva.net/papers/eccv_2024/papers_ECCV/html/3193_ECCV_2024_paper.php,2,4
P050_F1_p02,paper_reference,05,05_检索增强与知识系统,L02,V02,ReMAP: Neural Model Reprogramming with Network Inversion and Retrieval-Augmented Mapping for Adaptive Motion Forecasting,NeurIPS,2024,references/05_检索增强与知识系统/P050/figures/P050_F1_p02.png,https://proceedings.neurips.cc/paper_files/paper/2024/hash/2cdf71a65e95bf1874212f6e604c64db-Abstract-Conference.html,1,2
P051_F1_p04,paper_reference,06,06_多模态与跨模态融合,L02,V03,Few-Shot Adversarial Prompt Learning on Vision-Language Models,NeurIPS,2024,references/06_多模态与跨模态融合/P051/figures/P051_F1_p04.png,https://proceedings.neurips.cc/paper_files/paper/2024/hash/05aedcaf4bc6e78a5e22b4cf9114c5e8-Abstract-Conference.html,1,4
P053_F2_p03,paper_reference,08,08_训练策略与自监督,L09,V01,Connecting Joint-Embedding Predictive Architecture with Contrastive Self-supervised Learning,NeurIPS,2024,references/08_训练策略与自监督/P053/figures/P053_F2_p03.png,https://proceedings.neurips.cc/paper_files/paper/2024/hash/04a80267ad46fc730011f8760f265054-Abstract-Conference.html,2,3
P054_F2_p03,paper_reference,09,09_三维视觉与神经渲染,L09,V01,LinNet: Linear Network for Efficient Point Cloud Representation Learning,NeurIPS,2024,references/09_三维视觉与神经渲染/P054/figures/P054_F2_p03.png,https://proceedings.neurips.cc/paper_files/paper/2024/hash/4bfcebedf7a2967c410b64670f27f904-Abstract-Conference.html,2,3
P054_F4_p05,paper_reference,09,09_三维视觉与神经渲染,L11,V02,LinNet: Linear Network for Efficient Point Cloud Representation Learning,NeurIPS,2024,references/09_三维视觉与神经渲染/P054/figures/P054_F4_p05.png,https://proceedings.neurips.cc/paper_files/paper/2024/hash/4bfcebedf7a2967c410b64670f27f904-Abstract-Conference.html,4,5
P055_F1_p05,paper_reference,10,10_计算机系统与数据流程,L04,V04,HyperPrism: An Adaptive Non-linear Aggregation Framework for Distributed Machine Learning over Non-IID Data and Time-varying Communication Links,NeurIPS,2024,references/10_计算机系统与数据流程/P055/figures/P055_F1_p05.png,https://proceedings.neurips.cc/paper_files/paper/2024/hash/15e5fccdfeb10bb54f8e74944de1c8bf-Abstract-Conference.html,1,5
P056_F1_p04,paper_reference,11,11_因果与AI科学机制,L09,V05,Goal Reduction with Loop-Removal Accelerates RL and Models Human Brain Activity in Goal-Directed Learning,NeurIPS,2024,references/11_因果与AI科学机制/P056/figures/P056_F1_p04.png,https://proceedings.neurips.cc/paper_files/paper/2024/hash/05b2ea5d57ed04c1dc105658e87b137e-Abstract-Conference.html,1,4
P057_F1_p03,paper_reference,02,02_Transformer与注意力,L04,V01,You Only Cache Once: Decoder-Decoder Architectures for Language Models,NeurIPS,2024,references/01_视觉网络与编码解码/P057/figures/P057_F1_p03.png,https://proceedings.neurips.cc/paper_files/paper/2024/hash/0df38cd13520747e1e64e5b123a78ef8-Abstract-Conference.html,1,3
P058_F2_p04,paper_reference,02,02_Transformer与注意力,L09,V01,Limits of Transformer Language Models on Learning to Compose Algorithms,NeurIPS,2024,references/02_Transformer与注意力/P058/figures/P058_F2_p04.png,https://proceedings.neurips.cc/paper_files/paper/2024/hash/0e797d5139ad94fc2dc2080c09119f29-Abstract-Conference.html,2,4
P060_F1_p03,paper_reference,03,03_图神经网络与关系推理,L02,V01,Enhancing Size Generalization in Graph Neural Networks through Disentangled Representation Learning,ICML,2024,references/03_图神经网络与关系推理/P060/figures/P060_F1_p03.png,https://proceedings.mlr.press/v235/huang24ac.html,1,3
P060_F2_p03,paper_reference,03,03_图神经网络与关系推理,L05,V05,Enhancing Size Generalization in Graph Neural Networks through Disentangled Representation Learning,ICML,2024,references/03_图神经网络与关系推理/P060/figures/P060_F2_p03.png,https://proceedings.mlr.press/v235/huang24ac.html,2,3
P063_F3_p04,paper_reference,06,06_多模态与跨模态融合,L07,V04,FuRL: Visual-Language Models as Fuzzy Rewards for Reinforcement Learning,ICML,2024,references/06_多模态与跨模态融合/P063/figures/P063_F3_p04.png,https://proceedings.mlr.press/v235/fu24j.html,3,4
P063_F5_p06,paper_reference,06,06_多模态与跨模态融合,L02,V05,FuRL: Visual-Language Models as Fuzzy Rewards for Reinforcement Learning,ICML,2024,references/06_多模态与跨模态融合/P063/figures/P063_F5_p06.png,https://proceedings.mlr.press/v235/fu24j.html,5,6
P065_F6_p16,paper_reference,07,07_强化学习与智能体,L10,V02,Offline Transition Modeling via Contrastive Energy Learning,ICML,2024,references/08_训练策略与自监督/P065/figures/P065_F6_p16.png,https://proceedings.mlr.press/v235/chen24w.html,6,16
P066_F1_p04,paper_reference,09,09_三维视觉与神经渲染,L04,V03,EvGGS: A Collaborative Learning Framework for Event-based Generalizable Gaussian Splatting,ICML,2024,references/09_三维视觉与神经渲染/P066/figures/P066_F1_p04.png,https://proceedings.mlr.press/v235/wang24w.html,1,4
P066_F6_p12,paper_reference,09,09_三维视觉与神经渲染,L03,V03,EvGGS: A Collaborative Learning Framework for Event-based Generalizable Gaussian Splatting,ICML,2024,references/09_三维视觉与神经渲染/P066/figures/P066_F6_p12.png,https://proceedings.mlr.press/v235/wang24w.html,6,12
P066_F7_p13,paper_reference,09,09_三维视觉与神经渲染,L02,V03,EvGGS: A Collaborative Learning Framework for Event-based Generalizable Gaussian Splatting,ICML,2024,references/09_三维视觉与神经渲染/P066/figures/P066_F7_p13.png,https://proceedings.mlr.press/v235/wang24w.html,7,13
P068_F2_p06,paper_reference,11,11_因果与AI科学机制,L02,V01,Doubly Robust Causal Effect Estimation under Networked Interference via Targeted Learning,ICML,2024,references/11_因果与AI科学机制/P068/figures/P068_F2_p06.png,https://proceedings.mlr.press/v235/chen24c.html,2,6
P069_F1_p04,paper_reference,08,08_训练策略与自监督,L09,V01,Evolving Subnetwork Training for Large Language Models,ICML,2024,references/01_视觉网络与编码解码/P069/figures/P069_F1_p04.png,https://proceedings.mlr.press/v235/li24k.html,1,4
P070_F3_p04,paper_reference,07,07_强化学习与智能体,L04,V01,HGAP: Boosting Permutation Invariant and Permutation Equivariant in Multi-Agent Reinforcement Learning via Graph Attention Network,ICML,2024,references/02_Transformer与注意力/P070/figures/P070_F3_p04.png,https://proceedings.mlr.press/v235/lin24m.html,3,4
P071_F1_p01,paper_reference,02,02_Transformer与注意力,L02,V04,SAPT : A Shared Attention Framework for Parameter-Efficient Continual Learning of Large Language Models,ACL,2024,references/02_Transformer与注意力/P071/figures/P071_F1_p01.png,https://aclanthology.org/2024.acl-long.625/,1,1
P071_F2_p03,paper_reference,02,02_Transformer与注意力,L04,V01,SAPT : A Shared Attention Framework for Parameter-Efficient Continual Learning of Large Language Models,ACL,2024,references/02_Transformer与注意力/P071/figures/P071_F2_p03.png,https://aclanthology.org/2024.acl-long.625/,2,3
P072_F1_p03,paper_reference,03,03_图神经网络与关系推理,L05,V02,A Unified Temporal Knowledge Graph Reasoning Model Towards Interpolation and Extrapolation,ACL,2024,references/03_图神经网络与关系推理/P072/figures/P072_F1_p03.png,https://aclanthology.org/2024.acl-long.8/,1,3
P074_F1_p03,paper_reference,12,12_通用方法与总体框架,L07,V04,Leveraging Large Language Models for Learning Complex Legal Concepts through Storytelling,ACL,2024,references/05_检索增强与知识系统/P074/figures/P074_F1_p03.png,https://aclanthology.org/2024.acl-long.388/,1,3
P075_F2_p02,paper_reference,06,06_多模态与跨模态融合,L07,V01,Tuning Large Multimodal Models for Videos using Reinforcement Learning from AI Feedback,ACL,2024,references/06_多模态与跨模态融合/P075/figures/P075_F2_p02.png,https://aclanthology.org/2024.acl-long.52/,2,2
P076_F1_p05,paper_reference,07,07_强化学习与智能体,L02,V04,Language Model Adaption for Reinforcement Learning with Natural Language Action Space,ACL,2024,references/07_强化学习与智能体/P076/figures/P076_F1_p05.png,https://aclanthology.org/2024.acl-long.89/,1,5
P077_F1_p01,paper_reference,08,08_训练策略与自监督,L06,V01,T ransli C o: A Contrastive Learning Framework to Address the Script Barrier in Multilingual Pretrained Language Models,ACL,2024,references/08_训练策略与自监督/P077/figures/P077_F1_p01.png,https://aclanthology.org/2024.acl-long.136/,1,1
P077_F2_p04,paper_reference,08,08_训练策略与自监督,L02,V01,T ransli C o: A Contrastive Learning Framework to Address the Script Barrier in Multilingual Pretrained Language Models,ACL,2024,references/08_训练策略与自监督/P077/figures/P077_F2_p04.png,https://aclanthology.org/2024.acl-long.136/,2,4
P078_F1_p01,paper_reference,10,10_计算机系统与数据流程,L10,V04,S tream V oice: Streamable Context-Aware Language Modeling for Real-time Zero-Shot Voice Conversion,ACL,2024,references/10_计算机系统与数据流程/P078/figures/P078_F1_p01.png,https://aclanthology.org/2024.acl-long.396/,1,1
P078_F2_p04,paper_reference,10,10_计算机系统与数据流程,L01,V04,S tream V oice: Streamable Context-Aware Language Modeling for Real-time Zero-Shot Voice Conversion,ACL,2024,references/10_计算机系统与数据流程/P078/figures/P078_F2_p04.png,https://aclanthology.org/2024.acl-long.396/,2,4
P078_F3_p04,paper_reference,10,10_计算机系统与数据流程,L04,V01,S tream V oice: Streamable Context-Aware Language Modeling for Real-time Zero-Shot Voice Conversion,ACL,2024,references/10_计算机系统与数据流程/P078/figures/P078_F3_p04.png,https://aclanthology.org/2024.acl-long.396/,3,4
P078_F4_p04,paper_reference,10,10_计算机系统与数据流程,L09,V01,S tream V oice: Streamable Context-Aware Language Modeling for Real-time Zero-Shot Voice Conversion,ACL,2024,references/10_计算机系统与数据流程/P078/figures/P078_F4_p04.png,https://aclanthology.org/2024.acl-long.396/,4,4
P079_F1_p03,paper_reference,11,11_因果与AI科学机制,L04,V05,Causal-Guided Active Learning for Debiasing Large Language Models,ACL,2024,references/11_因果与AI科学机制/P079/figures/P079_F1_p03.png,https://aclanthology.org/2024.acl-long.778/,1,3
P089_F3_p08,paper_reference,11,11_因果与AI科学机制,L09,V02,A Kernel Test for Causal Association via Noise Contrastive Backdoor Adjustment,JMLR,2024,references/08_训练策略与自监督/P089/figures/P089_F3_p08.png,https://jmlr.org/papers/volume25/21-1409/21-1409.html,3,8
P090_F1_p12,paper_reference,12,12_通用方法与总体框架,L01,V02,Classification of Data Generated by Gaussian Mixture Models Using Deep ReLU Networks,JMLR,2024,references/09_三维视觉与神经渲染/P090/figures/P090_F1_p12.png,https://jmlr.org/papers/volume25/23-0957/23-0957.html,1,12
P090_F2_p13,paper_reference,12,12_通用方法与总体框架,L02,V02,Classification of Data Generated by Gaussian Mixture Models Using Deep ReLU Networks,JMLR,2024,references/09_三维视觉与神经渲染/P090/figures/P090_F2_p13.png,https://jmlr.org/papers/volume25/23-0957/23-0957.html,2,13
P090_F3_p14,paper_reference,12,12_通用方法与总体框架,L03,V02,Classification of Data Generated by Gaussian Mixture Models Using Deep ReLU Networks,JMLR,2024,references/09_三维视觉与神经渲染/P090/figures/P090_F3_p14.png,https://jmlr.org/papers/volume25/23-0957/23-0957.html,3,14
P091_F1_p03,paper_reference,02,02_Transformer与注意力,L04,V01,Attention Is All You Need,NeurIPS,2017,references/02_Transformer与注意力/P091/figures/P091_F1_p03.png,https://proceedings.neurips.cc/paper/2017/hash/3f5ee243547dee91fbd053c1c4a845aa-Abstract.html,1,3
P092_F3_p04,paper_reference,01,01_视觉网络与编码解码,L09,V01,Deep Residual Learning for Image Recognition,CVPR,2016,references/12_通用方法与总体框架/P092/figures/P092_F3_p04.png,https://openaccess.thecvf.com/content_cvpr_2016/html/He_Deep_Residual_Learning_CVPR_2016_paper.html,3,4
P093_F2_p02,paper_reference,02,02_Transformer与注意力,L06,V04,Swin Transformer: Hierarchical Vision Transformer using Shifted Windows,ICCV,2021,references/02_Transformer与注意力/P093/figures/P093_F2_p02.png,https://openaccess.thecvf.com/content/ICCV2021/html/Liu_Swin_Transformer_Hierarchical_Vision_Transformer_Using_Shifted_Windows_ICCV_2021_paper.html,2,2
P093_F3_p04,paper_reference,02,02_Transformer与注意力,L09,V02,Swin Transformer: Hierarchical Vision Transformer using Shifted Windows,ICCV,2021,references/02_Transformer与注意力/P093/figures/P093_F3_p04.png,https://openaccess.thecvf.com/content/ICCV2021/html/Liu_Swin_Transformer_Hierarchical_Vision_Transformer_Using_Shifted_Windows_ICCV_2021_paper.html,3,4
P093_F4_p05,paper_reference,02,02_Transformer与注意力,L06,V01,Swin Transformer: Hierarchical Vision Transformer using Shifted Windows,ICCV,2021,references/02_Transformer与注意力/P093/figures/P093_F4_p05.png,https://openaccess.thecvf.com/content/ICCV2021/html/Liu_Swin_Transformer_Hierarchical_Vision_Transformer_Using_Shifted_Windows_ICCV_2021_paper.html,4,5
P094_F1_p01,paper_reference,08,08_训练策略与自监督,L01,V04,Masked Autoencoders Are Scalable Vision Learners,CVPR,2022,references/08_训练策略与自监督/P094/figures/P094_F1_p01.png,https://openaccess.thecvf.com/content/CVPR2022/html/He_Masked_Autoencoders_Are_Scalable_Vision_Learners_CVPR_2022_paper.html,1,1
P095_F4_p05,paper_reference,01,01_视觉网络与编码解码,L02,V04,Segment Anything,ICCV,2023,references/01_视觉网络与编码解码/P095/figures/P095_F4_p05.png,https://openaccess.thecvf.com/content/ICCV2023/html/Kirillov_Segment_Anything_ICCV_2023_paper.html,4,5
P096_F3_p04,paper_reference,04,04_生成模型与扩散机制,L09,V01,Adding Conditional Control to Text-to-Image Diffusion Models,ICCV,2023,references/04_生成模型与扩散机制/P096/figures/P096_F3_p04.png,https://openaccess.thecvf.com/content/ICCV2023/html/Zhang_Adding_Conditional_Control_to_Text-to-Image_Diffusion_Models_ICCV_2023_paper.html,3,4
P097_F3_p04,paper_reference,04,04_生成模型与扩散机制,L04,V01,High-Resolution Image Synthesis with Latent Diffusion Models,CVPR,2022,references/04_生成模型与扩散机制/P097/figures/P097_F3_p04.png,https://openaccess.thecvf.com/content/CVPR2022/html/Rombach_High-Resolution_Image_Synthesis_With_Latent_Diffusion_Models_CVPR_2022_paper.html,3,4
P098_F1_p03,paper_reference,02,02_Transformer与注意力,L04,V02,An Image is Worth 16x16 Words: Transformers for Image Recognition at Scale,ICLR,2021,references/02_Transformer与注意力/P098/figures/P098_F1_p03.png,https://openreview.net/forum?id=YicbFdNTTy,1,3
P099_F1_p04,paper_reference,03,03_图神经网络与关系推理,L05,V05,Graph Attention Networks,ICLR,2018,references/02_Transformer与注意力/P099/figures/P099_F1_p04.png,https://openreview.net/forum?id=rJXMpikCZ,1,4
P100_F1_p04,paper_reference,03,03_图神经网络与关系推理,L05,V05,Semi-Supervised Classification with Graph Convolutional Networks,ICLR,2017,references/03_图神经网络与关系推理/P100/figures/P100_F1_p04.png,https://openreview.net/forum?id=SJU4ayYgl,1,4
P102_F3_p04,paper_reference,09,09_三维视觉与神经渲染,L01,V03,Instant Neural Graphics Primitives with a Multiresolution Hash Encoding,ACM TOG / SIGGRAPH,2022,references/03_图神经网络与关系推理/P102/figures/P102_F3_p04.png,https://nvlabs.github.io/instant-ngp/,3,4
P104_F2_p03a,paper_reference,11,11_因果与AI科学机制,L04,V01,Accurate structure prediction of biomolecular interactions with AlphaFold 3,Nature,2024,references/11_因果与AI科学机制/P104/figures/P104_F2_p03a.png,https://www.nature.com/articles/s41586-024-07487-w,2a,3
P104_F2_p03b,paper_reference,11,11_因果与AI科学机制,L07,V01,Accurate structure prediction of biomolecular interactions with AlphaFold 3,Nature,2024,references/11_因果与AI科学机制/P104/figures/P104_F2_p03b.png,https://www.nature.com/articles/s41586-024-07487-w,2b,3
P105_F3_p04,paper_reference,11,11_因果与AI科学机制,L04,V01,Highly accurate protein structure prediction with AlphaFold,Nature,2021,references/11_因果与AI科学机制/P105/figures/P105_F3_p04.png,https://www.nature.com/articles/s41586-021-03819-2,3,4
P106_F1_p02,paper_reference,11,11_因果与AI科学机制,L05,V05,Spatially embedded recurrent neural networks reveal widespread links between structural and functional neuroscience findings,Nature Machine Intelligence,2023,references/11_因果与AI科学机制/P106/figures/P106_F1_p02.png,https://www.nature.com/articles/s42256-023-00748-9,1,2
P107_F1_p02,paper_reference,11,11_因果与AI科学机制,L07,V04,Augmenting large language models with chemistry tools,Nature Machine Intelligence,2024,references/12_通用方法与总体框架/P107/figures/P107_F1_p02.png,https://www.nature.com/articles/s42256-024-00832-8,1,2
P108_F1_p03,paper_reference,11,11_因果与AI科学机制,L09,V04,Deep learning of causal structures in high dimensions under data limitations,Nature Machine Intelligence,2023,references/11_因果与AI科学机制/P108/figures/P108_F1_p03.png,https://www.nature.com/articles/s42256-023-00744-z,1,3
P108_F2_p03,paper_reference,11,11_因果与AI科学机制,L07,V05,Deep learning of causal structures in high dimensions under data limitations,Nature Machine Intelligence,2023,references/11_因果与AI科学机制/P108/figures/P108_F2_p03.png,https://www.nature.com/articles/s42256-023-00744-z,2,3
P109_F1_p02,paper_reference,12,12_通用方法与总体框架,L09,V04,What large language models know and what people think they know,Nature Machine Intelligence,2025,references/12_通用方法与总体框架/P109/figures/P109_F1_p02.png,https://www.nature.com/articles/s42256-024-00976-7,1,2
P110_F2_p03,paper_reference,10,10_计算机系统与数据流程,L04,V02,nsDB: Architecting the Next Generation Database by Integrating Neural and Symbolic Systems (Vision),PVLDB,2024,references/10_计算机系统与数据流程/P110/figures/P110_F2_p03.png,https://www.vldb.org/pvldb/vol17/p3283-tang.pdf,2,3
P110_F5_p05,paper_reference,10,10_计算机系统与数据流程,L04,V01,nsDB: Architecting the Next Generation Database by Integrating Neural and Symbolic Systems (Vision),PVLDB,2024,references/10_计算机系统与数据流程/P110/figures/P110_F5_p05.png,https://www.vldb.org/pvldb/vol17/p3283-tang.pdf,5,5
P111_F4_p04,paper_reference,10,10_计算机系统与数据流程,L01,V04,DecLog: Decentralized Logging in Non-Volatile Memory for Time Series Database Systems,PVLDB,2024,references/10_计算机系统与数据流程/P111/figures/P111_F4_p04.png,https://www.vldb.org/pvldb/vol17/p1-zheng.pdf,4,4
P111_F7_p07,paper_reference,10,10_计算机系统与数据流程,L06,V01,DecLog: Decentralized Logging in Non-Volatile Memory for Time Series Database Systems,PVLDB,2024,references/10_计算机系统与数据流程/P111/figures/P111_F7_p07.png,https://www.vldb.org/pvldb/vol17/p1-zheng.pdf,7,7
P112_F2_p04,paper_reference,03,03_图神经网络与关系推理,L02,V03,FedGTA: Topology-aware Averaging for Federated Graph Learning,PVLDB,2024,references/03_图神经网络与关系推理/P112/figures/P112_F2_p04.png,https://www.vldb.org/pvldb/vol17/p41-li.pdf,2,4
P113_F3_p04,paper_reference,10,10_计算机系统与数据流程,L04,V01,GastCoCo: Graph Storage and Coroutine-Based Prefetch Co-Design for Dynamic Graph Processing,PVLDB,2024,references/03_图神经网络与关系推理/P113/figures/P113_F3_p04.png,https://www.vldb.org/pvldb/vol17/p4827-li.pdf,3,4
P114_F2_p02,paper_reference,10,10_计算机系统与数据流程,L01,V01,ELEET: Efficient Learned Query Execution over Text and Tables,PVLDB,2024,references/10_计算机系统与数据流程/P114/figures/P114_F2_p02.png,https://www.vldb.org/pvldb/vol17/p4867-urban.pdf,2,2
P114_F3_p05,paper_reference,10,10_计算机系统与数据流程,L04,V01,ELEET: Efficient Learned Query Execution over Text and Tables,PVLDB,2024,references/10_计算机系统与数据流程/P114/figures/P114_F3_p05.png,https://www.vldb.org/pvldb/vol17/p4867-urban.pdf,3,5
P115_F2_p04,paper_reference,10,10_计算机系统与数据流程,L11,V01,TenGraph: A Tensor-Based Graph Query Engine,PVLDB,2024,references/03_图神经网络与关系推理/P115/figures/P115_F2_p04.png,https://www.vldb.org/pvldb/vol17/p4571-li.pdf,2,4
P115_F3_p04,paper_reference,10,10_计算机系统与数据流程,L09,V02,TenGraph: A Tensor-Based Graph Query Engine,PVLDB,2024,references/03_图神经网络与关系推理/P115/figures/P115_F3_p04.png,https://www.vldb.org/pvldb/vol17/p4571-li.pdf,3,4
P115_F10_p09,paper_reference,10,10_计算机系统与数据流程,L09,V05,TenGraph: A Tensor-Based Graph Query Engine,PVLDB,2024,references/03_图神经网络与关系推理/P115/figures/P115_F10_p09.png,https://www.vldb.org/pvldb/vol17/p4571-li.pdf,10,9
P116_F1_p03,paper_reference,07,07_强化学习与智能体,L04,V01,Tianshou: A Highly Modularized Deep Reinforcement Learning Library,JMLR,2022,references/07_强化学习与智能体/P116/figures/P116_F1_p03.png,https://jmlr.org/papers/v23/21-1127.html,1,3
P116_F2_p03,paper_reference,07,07_强化学习与智能体,L07,V01,Tianshou: A Highly Modularized Deep Reinforcement Learning Library,JMLR,2022,references/07_强化学习与智能体/P116/figures/P116_F2_p03.png,https://jmlr.org/papers/v23/21-1127.html,2,3
P117_F1_p12,paper_reference,12,12_通用方法与总体框架,L02,V03,Domain-Adversarial Training of Neural Networks,JMLR,2016,references/12_通用方法与总体框架/P117/figures/P117_F1_p12.png,https://jmlr.org/papers/v17/15-239.html,1,12
P118_F1_p04,paper_reference,12,12_通用方法与总体框架,L01,V02,Neural Autoregressive Distribution Estimation,JMLR,2016,references/12_通用方法与总体框架/P118/figures/P118_F1_p04.png,https://jmlr.org/papers/v17/16-272.html,1,4
P118_F2_p11,paper_reference,12,12_通用方法与总体框架,L01,V02,Neural Autoregressive Distribution Estimation,JMLR,2016,references/12_通用方法与总体框架/P118/figures/P118_F2_p11.png,https://jmlr.org/papers/v17/16-272.html,2,11
P118_F3_p14,paper_reference,12,12_通用方法与总体框架,L01,V02,Neural Autoregressive Distribution Estimation,JMLR,2016,references/12_通用方法与总体框架/P118/figures/P118_F3_p14.png,https://jmlr.org/papers/v17/16-272.html,3,14
P119_F3_p04,paper_reference,09,09_三维视觉与神经渲染,L02,V01,Deep Learning for 3D Point Clouds: A Survey,IEEE TPAMI,2021,references/09_三维视觉与神经渲染/P119/figures/P119_F3_p04.png,https://doi.org/10.1109/TPAMI.2020.3005434,3,4
P119_F4_p05,paper_reference,09,09_三维视觉与神经渲染,L09,V03,Deep Learning for 3D Point Clouds: A Survey,IEEE TPAMI,2021,references/09_三维视觉与神经渲染/P119/figures/P119_F4_p05.png,https://doi.org/10.1109/TPAMI.2020.3005434,4,5
P119_F5_p06,paper_reference,09,09_三维视觉与神经渲染,L05,V05,Deep Learning for 3D Point Clouds: A Survey,IEEE TPAMI,2021,references/09_三维视觉与神经渲染/P119/figures/P119_F5_p06.png,https://doi.org/10.1109/TPAMI.2020.3005434,5,6
P119_F11_p16,paper_reference,09,09_三维视觉与神经渲染,L09,V03,Deep Learning for 3D Point Clouds: A Survey,IEEE TPAMI,2021,references/09_三维视觉与神经渲染/P119/figures/P119_F11_p16.png,https://doi.org/10.1109/TPAMI.2020.3005434,11,16
P119_F12_p17,paper_reference,09,09_三维视觉与神经渲染,L09,V03,Deep Learning for 3D Point Clouds: A Survey,IEEE TPAMI,2021,references/09_三维视觉与神经渲染/P119/figures/P119_F12_p17.png,https://doi.org/10.1109/TPAMI.2020.3005434,12,17
P120_F8_p06,paper_reference,01,01_视觉网络与编码解码,L09,V03,Deep Learning for Generic Object Detection: A Survey,IJCV,2020,references/01_视觉网络与编码解码/P120/figures/P120_F8_p06.png,https://doi.org/10.1007/s11263-019-01247-4,8,6
P120_F12_p11,paper_reference,01,01_视觉网络与编码解码,L08,V04,Deep Learning for Generic Object Detection: A Survey,IJCV,2020,references/01_视觉网络与编码解码/P120/figures/P120_F12_p11.png,https://doi.org/10.1007/s11263-019-01247-4,12,11
P120_F13_p12,paper_reference,01,01_视觉网络与编码解码,L09,V03,Deep Learning for Generic Object Detection: A Survey,IJCV,2020,references/01_视觉网络与编码解码/P120/figures/P120_F13_p12.png,https://doi.org/10.1007/s11263-019-01247-4,13,12
P120_F14_p13,paper_reference,01,01_视觉网络与编码解码,L02,V04,Deep Learning for Generic Object Detection: A Survey,IJCV,2020,references/01_视觉网络与编码解码/P120/figures/P120_F14_p13.png,https://doi.org/10.1007/s11263-019-01247-4,14,13
P120_F17_p18,paper_reference,01,01_视觉网络与编码解码,L09,V01,Deep Learning for Generic Object Detection: A Survey,IJCV,2020,references/01_视觉网络与编码解码/P120/figures/P120_F17_p18.png,https://doi.org/10.1007/s11263-019-01247-4,17,18
P121_F2_p03,paper_reference,02,02_Transformer与注意力,L06,V04,Spectral State Space Model for Rotation-Invariant Visual Representation Learning,CVPR,2025,references/02_Transformer与注意力/P121/figures/P121_F2_p03.png,https://openaccess.thecvf.com/content/CVPR2025/html/Dastani_Spectral_State_Space_Model_for_Rotation-Invariant_Visual_Representation_Learning_CVPR_2025_paper.html,2,3
P121_F3_p05,paper_reference,02,02_Transformer与注意力,L09,V04,Spectral State Space Model for Rotation-Invariant Visual Representation Learning,CVPR,2025,references/02_Transformer与注意力/P121/figures/P121_F3_p05.png,https://openaccess.thecvf.com/content/CVPR2025/html/Dastani_Spectral_State_Space_Model_for_Rotation-Invariant_Visual_Representation_Learning_CVPR_2025_paper.html,3,5
P122_F2_p03,paper_reference,02,02_Transformer与注意力,L04,V03,VasTSD: Learning 3D Vascular Tree-state Space Diffusion Model for Angiography Synthesis,CVPR,2025,references/02_Transformer与注意力/P122/figures/P122_F2_p03.png,https://openaccess.thecvf.com/content/CVPR2025/html/Wang_VasTSD_Learning_3D_Vascular_Tree-state_Space_Diffusion_Model_for_Angiography_CVPR_2025_paper.html,2,3
P122_F3_p05,paper_reference,02,02_Transformer与注意力,L04,V03,VasTSD: Learning 3D Vascular Tree-state Space Diffusion Model for Angiography Synthesis,CVPR,2025,references/02_Transformer与注意力/P122/figures/P122_F3_p05.png,https://openaccess.thecvf.com/content/CVPR2025/html/Wang_VasTSD_Learning_3D_Vascular_Tree-state_Space_Diffusion_Model_for_Angiography_CVPR_2025_paper.html,3,5
P123_F1_p01,paper_reference,04,04_生成模型与扩散机制,L09,V04,DKDM: Data-Free Knowledge Distillation for Diffusion Models with Any Architecture,CVPR,2025,references/04_生成模型与扩散机制/P123/figures/P123_F1_p01.png,https://openaccess.thecvf.com/content/CVPR2025/html/Xiang_DKDM_Data-Free_Knowledge_Distillation_for_Diffusion_Models_with_Any_Architecture_CVPR_2025_paper.html,1,1
P123_F2_p03,paper_reference,04,04_生成模型与扩散机制,L09,V01,DKDM: Data-Free Knowledge Distillation for Diffusion Models with Any Architecture,CVPR,2025,references/04_生成模型与扩散机制/P123/figures/P123_F2_p03.png,https://openaccess.thecvf.com/content/CVPR2025/html/Xiang_DKDM_Data-Free_Knowledge_Distillation_for_Diffusion_Models_with_Any_Architecture_CVPR_2025_paper.html,2,3
P124_F1_p01,paper_reference,05,05_检索增强与知识系统,L11,V04,Learning Compatible Multi-Prize Subnetworks for Asymmetric Retrieval,CVPR,2025,references/05_检索增强与知识系统/P124/figures/P124_F1_p01.png,https://openaccess.thecvf.com/content/CVPR2025/html/Sun_Learning_Compatible_Multi-Prize_Subnetworks_for_Asymmetric_Retrieval_CVPR_2025_paper.html,1,1
P124_F3_p04,paper_reference,05,05_检索增强与知识系统,L07,V05,Learning Compatible Multi-Prize Subnetworks for Asymmetric Retrieval,CVPR,2025,references/05_检索增强与知识系统/P124/figures/P124_F3_p04.png,https://openaccess.thecvf.com/content/CVPR2025/html/Sun_Learning_Compatible_Multi-Prize_Subnetworks_for_Asymmetric_Retrieval_CVPR_2025_paper.html,3,4
P127_F1_p01,paper_reference,06,06_多模态与跨模态融合,L01,V04,Stealthy Backdoor Attack in Self-Supervised Learning Vision Encoders for Large Vision Language Models,CVPR,2025,references/06_多模态与跨模态融合/P127/figures/P127_F1_p01.png,https://openaccess.thecvf.com/content/CVPR2025/html/Liu_Stealthy_Backdoor_Attack_in_Self-Supervised_Learning_Vision_Encoders_for_Large_CVPR_2025_paper.html,1,1
P127_F3_p04,paper_reference,06,06_多模态与跨模态融合,L09,V04,Stealthy Backdoor Attack in Self-Supervised Learning Vision Encoders for Large Vision Language Models,CVPR,2025,references/06_多模态与跨模态融合/P127/figures/P127_F3_p04.png,https://openaccess.thecvf.com/content/CVPR2025/html/Liu_Stealthy_Backdoor_Attack_in_Self-Supervised_Learning_Vision_Encoders_for_Large_CVPR_2025_paper.html,3,4
P128_F4_p05,paper_reference,08,08_训练策略与自监督,L01,V03,Masked Scene Modeling: Narrowing the Gap Between Supervised and Self-Supervised Learning in 3D Scene Understanding,CVPR,2025,references/08_训练策略与自监督/P128/figures/P128_F4_p05.png,https://openaccess.thecvf.com/content/CVPR2025/html/Hermosilla_Masked_Scene_Modeling_Narrowing_the_Gap_Between_Supervised_and_Self-Supervised_CVPR_2025_paper.html,4,5
P128_F5_p05,paper_reference,08,08_训练策略与自监督,L09,V03,Masked Scene Modeling: Narrowing the Gap Between Supervised and Self-Supervised Learning in 3D Scene Understanding,CVPR,2025,references/08_训练策略与自监督/P128/figures/P128_F5_p05.png,https://openaccess.thecvf.com/content/CVPR2025/html/Hermosilla_Masked_Scene_Modeling_Narrowing_the_Gap_Between_Supervised_and_Self-Supervised_CVPR_2025_paper.html,5,5
P129_F2_p03,paper_reference,10,10_计算机系统与数据流程,L08,V01,LiveCC: Learning Video LLM with Streaming Speech Transcription at Scale,CVPR,2025,references/10_计算机系统与数据流程/P129/figures/P129_F2_p03.png,https://openaccess.thecvf.com/content/CVPR2025/html/Chen_LiveCC_Learning_Video_LLM_with_Streaming_Speech_Transcription_at_Scale_CVPR_2025_paper.html,2,3
P130_F3_p05,paper_reference,11,11_因果与AI科学机制,L04,V01,Brain-Inspired Spiking Neural Networks for Energy-Efficient Object Detection,CVPR,2025,references/11_因果与AI科学机制/P130/figures/P130_F3_p05.png,https://openaccess.thecvf.com/content/CVPR2025/html/Li_Brain-Inspired_Spiking_Neural_Networks_for_Energy-Efficient_Object_Detection_CVPR_2025_paper.html,3,5
P130_F4_p06,paper_reference,11,11_因果与AI科学机制,L03,V01,Brain-Inspired Spiking Neural Networks for Energy-Efficient Object Detection,CVPR,2025,references/11_因果与AI科学机制/P130/figures/P130_F4_p06.png,https://openaccess.thecvf.com/content/CVPR2025/html/Li_Brain-Inspired_Spiking_Neural_Networks_for_Energy-Efficient_Object_Detection_CVPR_2025_paper.html,4,6
P132_F1_p04,paper_reference,02,02_Transformer与注意力,L04,V01,Enhancing Online Continual Learning with Plug-and-Play State Space Model and Class-Conditional Mixture of Discretization,CVPR,2025,references/02_Transformer与注意力/P132/figures/P132_F1_p04.png,https://openaccess.thecvf.com/content/CVPR2025/html/Liu_Enhancing_Online_Continual_Learning_with_Plug-and-Play_State_Space_Model_and_CVPR_2025_paper.html,1,4
P133_F3_p03,paper_reference,02,02_Transformer与注意力,L04,V03,Mamba-3VL: Taming State Space Model for 3D Vision Language Learning,ICCV,2025,references/02_Transformer与注意力/P133/figures/P133_F3_p03.png,https://openaccess.thecvf.com/content/ICCV2025/html/Wang_Mamba-3VL_Taming_State_Space_Model_for_3D_Vision_Language_Learning_ICCV_2025_paper.html,3,3
P134_F2_p04,paper_reference,03,03_图神经网络与关系推理,L04,V01,3DGraphLLM: Combining Semantic Graphs and Large Language Models for 3D Scene Understanding,ICCV,2025,references/03_图神经网络与关系推理/P134/figures/P134_F2_p04.png,https://openaccess.thecvf.com/content/ICCV2025/html/Zemskova_3DGraphLLM_Combining_Semantic_Graphs_and_Large_Language_Models_for_3D_ICCV_2025_paper.html,2,4
P135_F2_p03,paper_reference,04,04_生成模型与扩散机制,L09,V04,Golden Noise for Diffusion Models: A Learning Framework,ICCV,2025,references/04_生成模型与扩散机制/P135/figures/P135_F2_p03.png,https://openaccess.thecvf.com/content/ICCV2025/html/Zhou_Golden_Noise_for_Diffusion_Models_A_Learning_Framework_ICCV_2025_paper.html,2,3
P136_F2_p03,paper_reference,04,04_生成模型与扩散机制,L02,V04,LoRAverse: A Submodular Framework to Retrieve Diverse Adapters for Diffusion Models,ICCV,2025,references/04_生成模型与扩散机制/P136/figures/P136_F2_p03.png,https://openaccess.thecvf.com/content/ICCV2025/html/Sonmezer_LoRAverse_A_Submodular_Framework_to_Retrieve_Diverse_Adapters_for_Diffusion_ICCV_2025_paper.html,2,3
P137_F1_p01,paper_reference,06,06_多模态与跨模态融合,L04,V04,Multi-Modal Multi-Task Unified Embedding Model (M3T-UEM): A Task-Adaptive Representation Learning Framework,ICCV,2025,references/06_多模态与跨模态融合/P137/figures/P137_F1_p01.png,https://openaccess.thecvf.com/content/ICCV2025/html/Sharma_Multi-Modal_Multi-Task_Unified_Embedding_Model_M3T-UEM_A_Task-Adaptive_Representation_Learning_ICCV_2025_paper.html,1,1
P137_F2_p03,paper_reference,06,06_多模态与跨模态融合,L06,V01,Multi-Modal Multi-Task Unified Embedding Model (M3T-UEM): A Task-Adaptive Representation Learning Framework,ICCV,2025,references/06_多模态与跨模态融合/P137/figures/P137_F2_p03.png,https://openaccess.thecvf.com/content/ICCV2025/html/Sharma_Multi-Modal_Multi-Task_Unified_Embedding_Model_M3T-UEM_A_Task-Adaptive_Representation_Learning_ICCV_2025_paper.html,2,3
P138_F2_p04,paper_reference,07,07_强化学习与智能体,L02,V04,Learning 4D Embodied World Models,ICCV,2025,references/07_强化学习与智能体/P138/figures/P138_F2_p04.png,https://openaccess.thecvf.com/content/ICCV2025/html/Zhen_Learning_4D_Embodied_World_Models_ICCV_2025_paper.html,2,4
P139_F2_p04,paper_reference,06,06_多模态与跨模态融合,L09,V01,LLaVA-KD: A Framework of Distilling Multimodal Large Language Models,ICCV,2025,references/06_多模态与跨模态融合/P139/figures/P139_F2_p04.png,https://openaccess.thecvf.com/content/ICCV2025/html/Cai_LLaVA-KD_A_Framework_of_Distilling_Multimodal_Large_Language_Models_ICCV_2025_paper.html,2,4
P140_F3_p05,paper_reference,04,04_生成模型与扩散机制,L04,V04,Bridging Diffusion Models and 3D Representations: A 3D Consistent Super-Resolution Framework,ICCV,2025,references/04_生成模型与扩散机制/P140/figures/P140_F3_p05.png,https://openaccess.thecvf.com/content/ICCV2025/html/Chen_Bridging_Diffusion_Models_and_3D_Representations_A_3D_Consistent_Super-Resolution_ICCV_2025_paper.html,3,5
P141_F2_p03,paper_reference,04,04_生成模型与扩散机制,L09,V04,MotionStreamer: Streaming Motion Generation via Diffusion-based Autoregressive Model in Causal Latent Space,ICCV,2025,references/04_生成模型与扩散机制/P141/figures/P141_F2_p03.png,https://openaccess.thecvf.com/content/ICCV2025/html/Xiao_MotionStreamer_Streaming_Motion_Generation_via_Diffusion-based_Autoregressive_Model_in_Causal_ICCV_2025_paper.html,2,3
P141_F3_p04,paper_reference,04,04_生成模型与扩散机制,L03,V04,MotionStreamer: Streaming Motion Generation via Diffusion-based Autoregressive Model in Causal Latent Space,ICCV,2025,references/04_生成模型与扩散机制/P141/figures/P141_F3_p04.png,https://openaccess.thecvf.com/content/ICCV2025/html/Xiao_MotionStreamer_Streaming_Motion_Generation_via_Diffusion-based_Autoregressive_Model_in_Causal_ICCV_2025_paper.html,3,4
P142_F2_p03,paper_reference,11,11_因果与AI科学机制,L05,V02,CARL: Causality-guided Architecture Representation Learning for an Interpretable Performance Predictor,ICCV,2025,references/11_因果与AI科学机制/P142/figures/P142_F2_p03.png,https://openaccess.thecvf.com/content/ICCV2025/html/Ji_CARL_Causality-guided_Architecture_Representation_Learning_for_an_Interpretable_Performance_Predictor_ICCV_2025_paper.html,2,3
P142_F3_p04,paper_reference,11,11_因果与AI科学机制,L02,V01,CARL: Causality-guided Architecture Representation Learning for an Interpretable Performance Predictor,ICCV,2025,references/11_因果与AI科学机制/P142/figures/P142_F3_p04.png,https://openaccess.thecvf.com/content/ICCV2025/html/Ji_CARL_Causality-guided_Architecture_Representation_Learning_for_an_Interpretable_Performance_Predictor_ICCV_2025_paper.html,3,4
P142_F5_p08,paper_reference,11,11_因果与AI科学机制,L09,V05,CARL: Causality-guided Architecture Representation Learning for an Interpretable Performance Predictor,ICCV,2025,references/11_因果与AI科学机制/P142/figures/P142_F5_p08.png,https://openaccess.thecvf.com/content/ICCV2025/html/Ji_CARL_Causality-guided_Architecture_Representation_Learning_for_an_Interpretable_Performance_Predictor_ICCV_2025_paper.html,5,8
P143_F2_p03,paper_reference,01,01_视觉网络与编码解码,L09,V05,From Easy to Hard: Progressive Active Learning Framework for Infrared Small Target Detection with Single Point Supervision,ICCV,2025,references/01_视觉网络与编码解码/P143/figures/P143_F2_p03.png,https://openaccess.thecvf.com/content/ICCV2025/html/Yu_From_Easy_to_Hard_Progressive_Active_Learning_Framework_for_Infrared_ICCV_2025_paper.html,2,3
P143_F3_p04,paper_reference,01,01_视觉网络与编码解码,L10,V04,From Easy to Hard: Progressive Active Learning Framework for Infrared Small Target Detection with Single Point Supervision,ICCV,2025,references/01_视觉网络与编码解码/P143/figures/P143_F3_p04.png,https://openaccess.thecvf.com/content/ICCV2025/html/Yu_From_Easy_to_Hard_Progressive_Active_Learning_Framework_for_Infrared_ICCV_2025_paper.html,3,4
P144_F2_p03,paper_reference,02,02_Transformer与注意力,L04,V04,STDDNet: Harnessing Mamba for Video Polyp Segmentation via Spatial-aligned Temporal Modeling and Discriminative Dynamic Representation Learning,ICCV,2025,references/02_Transformer与注意力/P144/figures/P144_F2_p03.png,https://openaccess.thecvf.com/content/ICCV2025/html/Chen_STDDNet_Harnessing_Mamba_for_Video_Polyp_Segmentation_via_Spatial-aligned_Temporal_ICCV_2025_paper.html,2,3
P144_F3_p04,paper_reference,02,02_Transformer与注意力,L04,V03,STDDNet: Harnessing Mamba for Video Polyp Segmentation via Spatial-aligned Temporal Modeling and Discriminative Dynamic Representation Learning,ICCV,2025,references/02_Transformer与注意力/P144/figures/P144_F3_p04.png,https://openaccess.thecvf.com/content/ICCV2025/html/Chen_STDDNet_Harnessing_Mamba_for_Video_Polyp_Segmentation_via_Spatial-aligned_Temporal_ICCV_2025_paper.html,3,4
P145_F5_p05,paper_reference,03,03_图神经网络与关系推理,L01,V03,SeqGrowGraph: Learning Lane Topology as a Chain of Graph Expansions,ICCV,2025,references/03_图神经网络与关系推理/P145/figures/P145_F5_p05.png,https://openaccess.thecvf.com/content/ICCV2025/html/Xie_SeqGrowGraph_Learning_Lane_Topology_as_a_Chain_of_Graph_Expansions_ICCV_2025_paper.html,5,5
P146_F2_p05,paper_reference,04,04_生成模型与扩散机制,L07,V01,Joint Diffusion Models in Continual Learning,ICCV,2025,references/04_生成模型与扩散机制/P146/figures/P146_F2_p05.png,https://openaccess.thecvf.com/content/ICCV2025/html/Skiers_Joint_Diffusion_Models_in_Continual_Learning_ICCV_2025_paper.html,2,5
P147_F1_p03,paper_reference,10,10_计算机系统与数据流程,L01,V04,FedXDS: Leveraging Model Attribution Methods to counteract Data Heterogeneity in Federated Learning,ICCV,2025,references/05_检索增强与知识系统/P147/figures/P147_F1_p03.png,https://openaccess.thecvf.com/content/ICCV2025/html/Hoefler_FedXDS_Leveraging_Model_Attribution_Methods_to_counteract_Data_Heterogeneity_in_ICCV_2025_paper.html,1,3
P148_F2_p04,paper_reference,06,06_多模态与跨模态融合,L04,V01,ModalTune: Fine-Tuning Slide-Level Foundation Models with Multi-Modal Information for Multi-task Learning in Digital Pathology,ICCV,2025,references/06_多模态与跨模态融合/P148/figures/P148_F2_p04.png,https://openaccess.thecvf.com/content/ICCV2025/html/Ramanathan_ModalTune_Fine-Tuning_Slide-Level_Foundation_Models_with_Multi-Modal_Information_for_Multi-task_ICCV_2025_paper.html,2,4
P149_F1_p01,paper_reference,07,07_强化学习与智能体,L08,V04,Disentangled World Models: Learning to Transfer Semantic Knowledge from Distracting Videos for Reinforcement Learning,ICCV,2025,references/07_强化学习与智能体/P149/figures/P149_F1_p01.png,https://openaccess.thecvf.com/content/ICCV2025/html/Wang_Disentangled_World_Models_Learning_to_Transfer_Semantic_Knowledge_from_Distracting_ICCV_2025_paper.html,1,1
P149_F2_p03,paper_reference,07,07_强化学习与智能体,L09,V01,Disentangled World Models: Learning to Transfer Semantic Knowledge from Distracting Videos for Reinforcement Learning,ICCV,2025,references/07_强化学习与智能体/P149/figures/P149_F2_p03.png,https://openaccess.thecvf.com/content/ICCV2025/html/Wang_Disentangled_World_Models_Learning_to_Transfer_Semantic_Knowledge_from_Distracting_ICCV_2025_paper.html,2,3
P150_F1_p01,paper_reference,04,04_生成模型与扩散机制,L07,V04,Harnessing Text-to-Image Diffusion Models for Point Cloud Self-Supervised Learning,ICCV,2025,references/04_生成模型与扩散机制/P150/figures/P150_F1_p01.png,https://openaccess.thecvf.com/content/ICCV2025/html/Chen_Harnessing_Text-to-Image_Diffusion_Models_for_Point_Cloud_Self-Supervised_Learning_ICCV_2025_paper.html,1,1
P150_F2_p04,paper_reference,04,04_生成模型与扩散机制,L04,V03,Harnessing Text-to-Image Diffusion Models for Point Cloud Self-Supervised Learning,ICCV,2025,references/04_生成模型与扩散机制/P150/figures/P150_F2_p04.png,https://openaccess.thecvf.com/content/ICCV2025/html/Chen_Harnessing_Text-to-Image_Diffusion_Models_for_Point_Cloud_Self-Supervised_Learning_ICCV_2025_paper.html,2,4
P151_F2_p03,paper_reference,09,09_三维视觉与神经渲染,L04,V01,Prior-aware Dynamic Temporal Modeling Framework for Sequential 3D Hand Pose Estimation,ICCV,2025,references/09_三维视觉与神经渲染/P151/figures/P151_F2_p03.png,https://openaccess.thecvf.com/content/ICCV2025/html/Ren_Prior-aware_Dynamic_Temporal_Modeling_Framework_for_Sequential_3D_Hand_Pose_ICCV_2025_paper.html,2,3
P152_F1_p02,paper_reference,09,09_三维视觉与神经渲染,L09,V04,S3R-GS: Streamlining the Pipeline for Large-Scale Street Scene Reconstruction,ICCV,2025,references/10_计算机系统与数据流程/P152/figures/P152_F1_p02.png,https://openaccess.thecvf.com/content/ICCV2025/html/Zheng_S3R-GS_Streamlining_the_Pipeline_for_Large-Scale_Street_Scene_Reconstruction_ICCV_2025_paper.html,1,2
P152_F2_p03,paper_reference,09,09_三维视觉与神经渲染,L04,V04,S3R-GS: Streamlining the Pipeline for Large-Scale Street Scene Reconstruction,ICCV,2025,references/10_计算机系统与数据流程/P152/figures/P152_F2_p03.png,https://openaccess.thecvf.com/content/ICCV2025/html/Zheng_S3R-GS_Streamlining_the_Pipeline_for_Large-Scale_Street_Scene_Reconstruction_ICCV_2025_paper.html,2,3
P153_F2_p03,paper_reference,06,06_多模态与跨模态融合,L02,V04,Causality-guided Prompt Learning for Vision-language Models via Visual Granulation,ICCV,2025,references/06_多模态与跨模态融合/P153/figures/P153_F2_p03.png,https://openaccess.thecvf.com/content/ICCV2025/html/Gao_Causality-guided_Prompt_Learning_for_Vision-language_Models_via_Visual_Granulation_ICCV_2025_paper.html,2,3
P153_F3_p03,paper_reference,06,06_多模态与跨模态融合,L02,V01,Causality-guided Prompt Learning for Vision-language Models via Visual Granulation,ICCV,2025,references/06_多模态与跨模态融合/P153/figures/P153_F3_p03.png,https://openaccess.thecvf.com/content/ICCV2025/html/Gao_Causality-guided_Prompt_Learning_for_Vision-language_Models_via_Visual_Granulation_ICCV_2025_paper.html,3,3
P153_F4_p04,paper_reference,06,06_多模态与跨模态融合,L09,V01,Causality-guided Prompt Learning for Vision-language Models via Visual Granulation,ICCV,2025,references/06_多模态与跨模态融合/P153/figures/P153_F4_p04.png,https://openaccess.thecvf.com/content/ICCV2025/html/Gao_Causality-guided_Prompt_Learning_for_Vision-language_Models_via_Visual_Granulation_ICCV_2025_paper.html,4,4
P155_F3_p04,paper_reference,02,02_Transformer与注意力,L02,V03,Learning Counterfactually Decoupled Attention for Open-World Model Attribution,ICCV,2025,references/02_Transformer与注意力/P155/figures/P155_F3_p04.png,https://openaccess.thecvf.com/content/ICCV2025/html/Zheng_Learning_Counterfactually_Decoupled_Attention_for_Open-World_Model_Attribution_ICCV_2025_paper.html,3,4
P156_F1_p01,paper_reference,03,03_图神经网络与关系推理,L09,V04,Adaptive Hyper-Graph Convolution Network for Skeleton-based Human Action Recognition with Virtual Connections,ICCV,2025,references/03_图神经网络与关系推理/P156/figures/P156_F1_p01.png,https://openaccess.thecvf.com/content/ICCV2025/html/Zhou_Adaptive_Hyper-Graph_Convolution_Network_for_Skeleton-based_Human_Action_Recognition_with_ICCV_2025_paper.html,1,1
P156_F2_p04,paper_reference,03,03_图神经网络与关系推理,L04,V03,Adaptive Hyper-Graph Convolution Network for Skeleton-based Human Action Recognition with Virtual Connections,ICCV,2025,references/03_图神经网络与关系推理/P156/figures/P156_F2_p04.png,https://openaccess.thecvf.com/content/ICCV2025/html/Zhou_Adaptive_Hyper-Graph_Convolution_Network_for_Skeleton-based_Human_Action_Recognition_with_ICCV_2025_paper.html,2,4
P158_F1_p04,paper_reference,03,03_图神经网络与关系推理,L05,V05,Learning Changes in Graphon Attachment Network Models,ICML,2025,references/03_图神经网络与关系推理/P158/figures/P158_F1_p04.png,https://proceedings.mlr.press/v267/fan25f.html,1,4
P159_F1_p03,paper_reference,04,04_生成模型与扩散机制,L02,V01,A Variational Framework for Improving Naturalness in Generative Spoken Language Models,ICML,2025,references/04_生成模型与扩散机制/P159/figures/P159_F1_p03.png,https://proceedings.mlr.press/v267/chen25z.html,1,3
P159_F2_p15,paper_reference,04,04_生成模型与扩散机制,L09,V01,A Variational Framework for Improving Naturalness in Generative Spoken Language Models,ICML,2025,references/04_生成模型与扩散机制/P159/figures/P159_F2_p15.png,https://proceedings.mlr.press/v267/chen25z.html,2,15
P161_F1_p03,paper_reference,06,06_多模态与跨模态融合,L01,V04,ELEMENTAL: Interactive Learning from Demonstrations and Vision-Language Models for Reward Design in Robotics,ICML,2025,references/06_多模态与跨模态融合/P161/figures/P161_F1_p03.png,https://proceedings.mlr.press/v267/chen25at.html,1,3
P163_F1_p03,paper_reference,03,03_图神经网络与关系推理,L04,V01,SHARP-Distill: A 68$\times$ Faster Recommender System with Hypergraph Neural Networks and Language Models,ICML,2025,references/03_图神经网络与关系推理/P163/figures/P163_F1_p03.png,https://proceedings.mlr.press/v267/forouzandeh25a.html,1,3
P164_F1_p06,paper_reference,03,03_图神经网络与关系推理,L01,V03,Graph Neural Network Generalization With Gaussian Mixture Model Based Augmentation,ICML,2025,references/03_图神经网络与关系推理/P164/figures/P164_F1_p06.png,https://proceedings.mlr.press/v267/abbahaddou25a.html,1,6
P167_F2_p04,paper_reference,01,01_视觉网络与编码解码,L04,V04,Open-Det: An Efficient Learning Framework for Open-Ended Detection,ICML,2025,references/01_视觉网络与编码解码/P167/figures/P167_F2_p04.png,https://proceedings.mlr.press/v267/cao25h.html,2,4
P167_F3_p05,paper_reference,01,01_视觉网络与编码解码,L02,V01,Open-Det: An Efficient Learning Framework for Open-Ended Detection,ICML,2025,references/01_视觉网络与编码解码/P167/figures/P167_F3_p05.png,https://proceedings.mlr.press/v267/cao25h.html,3,5
P167_F5_p13,paper_reference,01,01_视觉网络与编码解码,L01,V04,Open-Det: An Efficient Learning Framework for Open-Ended Detection,ICML,2025,references/01_视觉网络与编码解码/P167/figures/P167_F5_p13.png,https://proceedings.mlr.press/v267/cao25h.html,5,13
P167_F6_p14,paper_reference,01,01_视觉网络与编码解码,L06,V04,Open-Det: An Efficient Learning Framework for Open-Ended Detection,ICML,2025,references/01_视觉网络与编码解码/P167/figures/P167_F6_p14.png,https://proceedings.mlr.press/v267/cao25h.html,6,14
P169_F2_p04,paper_reference,03,03_图神经网络与关系推理,L04,V05,AutoGFM: Automated Graph Foundation Model with Adaptive Architecture Customization,ICML,2025,references/03_图神经网络与关系推理/P169/figures/P169_F2_p04.png,https://proceedings.mlr.press/v267/chen25bp.html,2,4
P172_F2_p04,paper_reference,06,06_多模态与跨模态融合,L09,V04,FOCoOp: Enhancing Out-of-Distribution Robustness in Federated Prompt Learning for Vision-Language Models,ICML,2025,references/06_多模态与跨模态融合/P172/figures/P172_F2_p04.png,https://proceedings.mlr.press/v267/liao25e.html,2,4
P174_F1_p03,paper_reference,03,03_图神经网络与关系推理,L01,V04,Taming Language Models for Text-attributed Graph Learning with Decoupled Aggregation,ACL,2025,references/03_图神经网络与关系推理/P174/figures/P174_F1_p03.png,https://aclanthology.org/2025.acl-long.173/,1,3
P174_F2_p03,paper_reference,03,03_图神经网络与关系推理,L05,V01,Taming Language Models for Text-attributed Graph Learning with Decoupled Aggregation,ACL,2025,references/03_图神经网络与关系推理/P174/figures/P174_F2_p03.png,https://aclanthology.org/2025.acl-long.173/,2,3
P174_F3_p05,paper_reference,03,03_图神经网络与关系推理,L04,V04,Taming Language Models for Text-attributed Graph Learning with Decoupled Aggregation,ACL,2025,references/03_图神经网络与关系推理/P174/figures/P174_F3_p05.png,https://aclanthology.org/2025.acl-long.173/,3,5
P175_F2_p04,paper_reference,04,04_生成模型与扩散机制,L04,V03,Segment-Level Diffusion: A Framework for Controllable Long-Form Generation with Diffusion Language Models,ACL,2025,references/04_生成模型与扩散机制/P175/figures/P175_F2_p04.png,https://aclanthology.org/2025.acl-long.210/,2,4
P176_F3_p05,paper_reference,05,05_检索增强与知识系统,L09,V01,CART : A Generative Cross-Modal Retrieval Framework With Coarse-To-Fine Semantic Modeling,ACL,2025,references/04_生成模型与扩散机制/P176/figures/P176_F3_p05.png,https://aclanthology.org/2025.acl-long.735/,3,5
P177_F3_p04,paper_reference,06,06_多模态与跨模态融合,L01,V05,Modality-Aware Neuron Pruning for Unlearning in Multimodal Large Language Models,ACL,2025,references/06_多模态与跨模态融合/P177/figures/P177_F3_p04.png,https://aclanthology.org/2025.acl-long.295/,3,4
P178_F1_p01,paper_reference,07,07_强化学习与智能体,L09,V04,FACT - AUDIT : An Adaptive Multi-Agent Framework for Dynamic Fact-Checking Evaluation of Large Language Models,ACL,2025,references/07_强化学习与智能体/P178/figures/P178_F1_p01.png,https://aclanthology.org/2025.acl-long.17/,1,1
P178_F2_p04,paper_reference,07,07_强化学习与智能体,L07,V04,FACT - AUDIT : An Adaptive Multi-Agent Framework for Dynamic Fact-Checking Evaluation of Large Language Models,ACL,2025,references/07_强化学习与智能体/P178/figures/P178_F2_p04.png,https://aclanthology.org/2025.acl-long.17/,2,4
P179_F2_p03,paper_reference,08,08_训练策略与自监督,L02,V05,A Triple-View Framework for Fine-Grained Emotion Classification with Clustering-Guided Contrastive Learning,ACL,2025,references/08_训练策略与自监督/P179/figures/P179_F2_p03.png,https://aclanthology.org/2025.acl-long.247/,2,3
P181_F1_p02,paper_reference,11,11_因果与AI科学机制,L07,V04,IRIS : An Iterative and Integrated Framework for Verifiable Causal Discovery in the Absence of Tabular Data,ACL,2025,references/11_因果与AI科学机制/P181/figures/P181_F1_p02.png,https://aclanthology.org/2025.acl-long.463/,1,2
P182_F2_p05,paper_reference,08,08_训练策略与自监督,L02,V03,I mpli H ate V id: A Benchmark Dataset and Two-stage Contrastive Learning Framework for Implicit Hate Speech Detection in Videos,ACL,2025,references/08_训练策略与自监督/P182/figures/P182_F2_p05.png,https://aclanthology.org/2025.acl-long.842/,2,5
P183_F2_p05,paper_reference,06,06_多模态与跨模态融合,L02,V01,ECERC : Evidence-Cause Attention Network for Multi-Modal Emotion Recognition in Conversation,ACL,2025,references/02_Transformer与注意力/P183/figures/P183_F2_p05.png,https://aclanthology.org/2025.acl-long.102/,2,5
P183_F3_p06,paper_reference,06,06_多模态与跨模态融合,L06,V01,ECERC : Evidence-Cause Attention Network for Multi-Modal Emotion Recognition in Conversation,ACL,2025,references/02_Transformer与注意力/P183/figures/P183_F3_p06.png,https://aclanthology.org/2025.acl-long.102/,3,6
P184_F2_p04,paper_reference,03,03_图神经网络与关系推理,L04,V05,A Generative Adaptive Replay Continual Learning Model for Temporal Knowledge Graph Reasoning,ACL,2025,references/03_图神经网络与关系推理/P184/figures/P184_F2_p04.png,https://aclanthology.org/2025.acl-long.537/,2,4
T01,original_blueprint,01,01_视觉网络与编码解码,L01,V01,CNN backbone and prediction head,原创结构蓝图,2026,templates/01_视觉网络与编码解码/T01_cnn_backbone.png,,,
T02,original_blueprint,01,01_视觉网络与编码解码,L02,V01,Residual block with identity path,原创结构蓝图,2026,templates/01_视觉网络与编码解码/T02_residual_block.png,,,
T03,original_blueprint,01,01_视觉网络与编码解码,L03,V01,U-shaped encoder-decoder,原创结构蓝图,2026,templates/01_视觉网络与编码解码/T03_unet_skip.png,,,
T04,original_blueprint,01,01_视觉网络与编码解码,L03,V01,Feature pyramid and lateral fusion,原创结构蓝图,2026,templates/01_视觉网络与编码解码/T04_feature_pyramid.png,,,
T05,original_blueprint,02,02_Transformer与注意力,L08,V01,Transformer encoder-decoder overview,原创结构蓝图,2026,templates/02_Transformer与注意力/T05_transformer_encoder_decoder.png,,,
T06,original_blueprint,02,02_Transformer与注意力,L06,V01,Q-K-V attention mechanism,原创结构蓝图,2026,templates/02_Transformer与注意力/T06_qkv_attention.png,,,
T07,original_blueprint,02,02_Transformer与注意力,L01,V01,Vision Transformer token pipeline,原创结构蓝图,2026,templates/02_Transformer与注意力/T07_vit_patch_tokens.png,,,
T08,original_blueprint,02,02_Transformer与注意力,L02,V01,State-space block with gating,原创结构蓝图,2026,templates/02_Transformer与注意力/T08_state_space.png,,,
T09,original_blueprint,03,03_图神经网络与关系推理,L05,V05,Neighborhood message passing,原创结构蓝图,2026,templates/03_图神经网络与关系推理/T09_message_passing.png,,,
T10,original_blueprint,03,03_图神经网络与关系推理,L05,V05,Graph attention and multi-head aggregation,原创结构蓝图,2026,templates/03_图神经网络与关系推理/T10_graph_attention.png,,,
T11,original_blueprint,03,03_图神经网络与关系推理,L05,V05,Heterogeneous graph relations,原创结构蓝图,2026,templates/03_图神经网络与关系推理/T11_heterogeneous_graph.png,,,
T12,original_blueprint,03,03_图神经网络与关系推理,L11,V05,Hierarchical graph pooling,原创结构蓝图,2026,templates/03_图神经网络与关系推理/T12_hierarchical_graph.png,,,
T13,original_blueprint,04,04_生成模型与扩散机制,L07,V01,Forward noising and reverse denoising,原创结构蓝图,2026,templates/04_生成模型与扩散机制/T13_diffusion_forward_reverse.png,,,
T14,original_blueprint,04,04_生成模型与扩散机制,L04,V01,Latent diffusion with conditioning,原创结构蓝图,2026,templates/04_生成模型与扩散机制/T14_latent_diffusion.png,,,
T15,original_blueprint,04,04_生成模型与扩散机制,L07,V01,Adversarial generator-discriminator loop,原创结构蓝图,2026,templates/04_生成模型与扩散机制/T15_gan_adversarial.png,,,
T16,original_blueprint,04,04_生成模型与扩散机制,L02,V01,Variational latent reparameterization,原创结构蓝图,2026,templates/04_生成模型与扩散机制/T16_vae_latent.png,,,
T17,original_blueprint,05,05_检索增强与知识系统,L08,V01,RAG offline index and online answering,原创结构蓝图,2026,templates/05_检索增强与知识系统/T17_rag_online_offline.png,,,
T18,original_blueprint,05,05_检索增强与知识系统,L05,V05,Graph-based retrieval and evidence path,原创结构蓝图,2026,templates/05_检索增强与知识系统/T18_graph_rag.png,,,
T19,original_blueprint,05,05_检索增强与知识系统,L11,V01,Hybrid retrieval and routing,原创结构蓝图,2026,templates/05_检索增强与知识系统/T19_hybrid_retrieval.png,,,
T20,original_blueprint,06,06_多模态与跨模态融合,L02,V01,Dual encoder and cross-modal alignment,原创结构蓝图,2026,templates/06_多模态与跨模态融合/T20_dual_encoder.png,,,
T21,original_blueprint,06,06_多模态与跨模态融合,L02,V01,Cross-modal attention fusion,原创结构蓝图,2026,templates/06_多模态与跨模态融合/T21_cross_modal_fusion.png,,,
T22,original_blueprint,06,06_多模态与跨模态融合,L02,V01,Audio-visual temporal fusion,原创结构蓝图,2026,templates/06_多模态与跨模态融合/T22_audio_visual.png,,,
T23,original_blueprint,07,07_强化学习与智能体,L07,V01,Actor-critic interaction and learning,原创结构蓝图,2026,templates/07_强化学习与智能体/T23_actor_critic.png,,,
T24,original_blueprint,07,07_强化学习与智能体,L02,V01,Multi-agent centralized training,原创结构蓝图,2026,templates/07_强化学习与智能体/T24_multi_agent_ctde.png,,,
T25,original_blueprint,07,07_强化学习与智能体,L07,V01,Tool-using agent loop,原创结构蓝图,2026,templates/07_强化学习与智能体/T25_tool_agent_loop.png,,,
T26,original_blueprint,07,07_强化学习与智能体,L02,V01,Coordinator and specialist agents,原创结构蓝图,2026,templates/07_强化学习与智能体/T26_agent_orchestration.png,,,
T27,original_blueprint,08,08_训练策略与自监督,L02,V01,Two-view contrastive learning,原创结构蓝图,2026,templates/08_训练策略与自监督/T27_contrastive_views.png,,,
T28,original_blueprint,08,08_训练策略与自监督,L02,V01,Teacher-student distillation,原创结构蓝图,2026,templates/08_训练策略与自监督/T28_teacher_student.png,,,
T29,original_blueprint,08,08_训练策略与自监督,L02,V01,Masked autoencoder mechanism,原创结构蓝图,2026,templates/08_训练策略与自监督/T29_masked_autoencoder.png,,,
T30,original_blueprint,08,08_训练策略与自监督,L08,V01,Training and inference separation,原创结构蓝图,2026,templates/08_训练策略与自监督/T30_train_inference_lanes.png,,,
T31,original_blueprint,09,09_三维视觉与神经渲染,L01,V01,Neural radiance field rendering,原创结构蓝图,2026,templates/09_三维视觉与神经渲染/T31_nerf_rendering.png,,,
T32,original_blueprint,09,09_三维视觉与神经渲染,L07,V01,Gaussian splatting optimization loop,原创结构蓝图,2026,templates/09_三维视觉与神经渲染/T32_gaussian_splatting.png,,,
T33,original_blueprint,09,09_三维视觉与神经渲染,L02,V01,Point-set encoder with global-local fusion,原创结构蓝图,2026,templates/09_三维视觉与神经渲染/T33_point_cloud.png,,,
T34,original_blueprint,10,10_计算机系统与数据流程,L02,V01,Distributed worker and storage architecture,原创结构蓝图,2026,templates/10_计算机系统与数据流程/T34_distributed_workers.png,,,
T35,original_blueprint,10,10_计算机系统与数据流程,L01,V01,Stateful stream-processing flow,原创结构蓝图,2026,templates/10_计算机系统与数据流程/T35_stream_processing.png,,,
T36,original_blueprint,10,10_计算机系统与数据流程,L04,V01,Query planning and execution architecture,原创结构蓝图,2026,templates/10_计算机系统与数据流程/T36_query_optimizer.png,,,
T37,original_blueprint,11,11_因果与AI科学机制,L05,V05,Causal mechanism and intervention DAG,原创结构蓝图,2026,templates/11_因果与AI科学机制/T37_causal_dag.png,,,
T38,original_blueprint,11,11_因果与AI科学机制,L07,V01,Recurrent circuit with structural constraints,原创结构蓝图,2026,templates/11_因果与AI科学机制/T38_recurrent_circuit.png,,,
T39,original_blueprint,11,11_因果与AI科学机制,L02,V01,Representation-to-structure mechanism,原创结构蓝图,2026,templates/11_因果与AI科学机制/T39_ai_science_structure.png,,,
T40,original_blueprint,12,12_通用方法与总体框架,L02,V01,Contribution-first method overview,原创结构蓝图,2026,templates/12_通用方法与总体框架/T40_contribution_overview.png,,,
T41,original_blueprint,12,12_通用方法与总体框架,L07,V01,Iterative algorithm with decision branch,原创结构蓝图,2026,templates/12_通用方法与总体框架/T41_algorithm_iteration.png,,,
T42,original_blueprint,12,12_通用方法与总体框架,L04,V01,Overview with module zoom-in,原创结构蓝图,2026,templates/12_通用方法与总体框架/T42_overview_zoom.png,,,
T43,original_blueprint,01,01_视觉网络与编码解码,L01,V03,Feature tensors and convolution stages,原创结构蓝图,2026,templates/01_视觉网络与编码解码/T43_feature_tensor_cubes.png,,,
T44,original_blueprint,01,01_视觉网络与编码解码,L01,V05,Neural network as neuron-node layers,原创结构蓝图,2026,templates/01_视觉网络与编码解码/T44_neuron_layers.png,,,
T45,original_blueprint,02,02_Transformer与注意力,L07,V01,Recurrent computation unrolled in time,原创结构蓝图,2026,templates/02_Transformer与注意力/T45_rnn_unrolled.png,,,
T46,original_blueprint,02,02_Transformer与注意力,L06,V01,Patch image and editable token strip,原创结构蓝图,2026,templates/02_Transformer与注意力/T46_patch_token_strip.png,,,
T47,original_blueprint,03,03_图神经网络与关系推理,L05,V05,Temporal graph and node-state evolution,原创结构蓝图,2026,templates/03_图神经网络与关系推理/T47_temporal_graph.png,,,
T48,original_blueprint,06,06_多模态与跨模态融合,L06,V01,Token-level cross-modal interactions,原创结构蓝图,2026,templates/06_多模态与跨模态融合/T48_modality_token_alignment.png,,,
